product,group,cat,period,week,convo_vol,positive_vol,neutral_vol,negative_vol,senti_score_wk,index,views,units
an,an,Action,prelaunch,-37,105289,32376,49905,23008,73,3.692866667,6428505,5112
an,an,Action,prelaunch,-36,101491,40055,36595,24841,81,3.744366667,26781995,46104
an,an,Action,prelaunch,-35,31051,8621,16012,6418,71,1.610566667,4503416,12668
an,an,Action,prelaunch,-34,13891,4166,4813,4912,48,1.2555,2356591,10730
an,an,Action,prelaunch,-33,29848,9988,9098,10762,56,1.2399,5486643,7899
an,an,Action,prelaunch,-32,15410,4471,5860,5079,33,1.0832,3366742,7343
an,an,Action,prelaunch,-31,9622,2383,3701,3538,43,0.890233333,1523560,5953
an,an,Action,prelaunch,-30,10162,2325,3996,3841,33,0.905933333,1918149,5387
an,an,Action,prelaunch,-29,8054,2198,3181,2675,43,0.8538,1003767,5376
an,an,Action,prelaunch,-28,3868,1027,1830,1011,59,0.849066667,930033,5116
an,an,Action,prelaunch,-27,5255,1659,2010,1586,64,0.8395,996070,6175
an,an,Action,prelaunch,-26,9204,2498,4725,1981,77,0.867733333,976400,6992
an,an,Action,prelaunch,-25,16648,4808,6588,5252,36,1.025866667,1825996,5366
an,an,Action,prelaunch,-24,19410,5294,8327,5789,61,1.190833333,4708879,7134
an,an,Action,prelaunch,-23,6510,1932,2854,1724,67,0.877666667,1077375,4371
an,an,Action,prelaunch,-22,8133,1966,3382,2785,55,0.811,2281862,3971
an,an,Action,prelaunch,-21,6721,1968,3151,1602,76,0.8051,1078308,5628
an,an,Action,prelaunch,-20,4271,1219,1993,1059,66,0.7404,827008,5012
an,an,Action,prelaunch,-19,7987,2441,4011,1535,63,0.610466667,669053,6087
an,an,Action,prelaunch,-18,5827,1740,2706,1381,69,0.6681,888012,4182
an,an,Action,prelaunch,-17,8797,2150,4547,2100,54,0.841966667,1058918,4306
an,an,Action,prelaunch,-16,17083,5122,5622,6339,45,1.1445,3910461,4991
an,an,Action,prelaunch,-15,12086,4264,4243,3579,65,1.226366667,2818055,4780
an,an,Action,prelaunch,-14,12900,4069,5398,3433,58,1.294466667,2560239,5721
an,an,Action,prelaunch,-13,10376,3090,4297,2989,59,1.386,1829468,5481
an,an,Action,prelaunch,-12,18181,4457,8460,5264,55,1.670566667,2265702,7029
an,an,Action,prelaunch,-11,38294,9300,17408,11586,51,2.46,4599122,11776
an,an,Action,prelaunch,-10,46182,11924,19530,14728,43,1.955266667,6516471,18273
an,an,Action,prelaunch,-9,30699,9239,12250,9210,60,1.784166667,4453711,21587
an,an,Action,prelaunch,-8,19047,5412,7978,5657,52,1.765733333,2365991,31029
an,an,Action,prelaunch,-7,34158,9579,15966,8613,66,2.377866667,3316202,38292
an,an,Action,prelaunch,-6,96336,22331,53481,20524,59,4.2038,11097696,61851
an,an,Action,prelaunch,-5,91705,27191,39701,24813,82,5.144,11213202,106406
an,an,Action,prelaunch,-4,427454,92925,197688,136841,57,9.504966667,24996831,338421
an,an,Action,prelaunch,-3,498888,122787,189086,187015,31,6.6072,36015599,146359
an,an,Action,prelaunch,-2,277733,73019,111774,92940,43,4.7664,24083385,113035
an,an,Action,prelaunch,-1,284191,68487,132325,83379,56,5.9122,25204130,180078
an,an,Action,launch,0,675543,167296,241688,266559,35,8.795133333,44967510,2328668
an,an,Action,postlaunch,1,587356,141741,202644,242971,33,5.970633333,45391689,410531
an,an,Action,postlaunch,2,472406,106056,160748,205602,27,3.936566667,28559838,128719
an,an,Action,postlaunch,3,299689,70718,91407,137564,25,2.655166667,15799376,62333
an,an,Action,postlaunch,4,157049,36973,54221,65855,37,1.859333333,9222049,33852
an,an,Action,postlaunch,5,177460,40377,54070,83013,26,1.4707,8308511,25795
an,an,Action,postlaunch,6,177896,38304,51089,88503,24,1.6386,8279202,18953
an,an,Action,postlaunch,7,85526,19350,28496,37680,31,1.097866667,5688746,17422
an,an,Action,postlaunch,8,80205,15447,34102,30656,26,0.9398,3372383,25641
an,an,Action,postlaunch,9,99901,21387,31230,47284,20,0.948066667,4814930,17397
an,an,Action,postlaunch,10,71099,16141,21448,33510,23,0.887666667,3827633,13335
an,an,Action,postlaunch,11,59420,12773,18166,28481,25,0.994133333,3723526,15367
an,an,Action,postlaunch,12,39699,8864,13090,17745,28,0.9453,3486342,20441
an,an,Action,postlaunch,13,35558,8177,11700,15681,26,0.8963,2306324,11307
an,an,Action,postlaunch,14,65044,14219,21389,29436,26,1.052366667,3431248,12889
an,an,Action,postlaunch,15,52245,11816,19696,20733,45,0.975066667,3321580,23138
an,an,Action,postlaunch,16,31423,7530,11005,12888,32,0.972266667,3298103,33118
an,an,Action,postlaunch,17,29133,7052,10428,11653,33,0.851533333,2708825,27751
an,an,Action,postlaunch,18,27004,6652,9060,11292,31,0.832533333,3432367,15325
an,an,Action,postlaunch,19,19280,5183,6940,7157,39,0.696966667,2193909,13467
an,an,Action,postlaunch,20,28817,6741,9344,12732,35,0.7075,1752593,16961
an,an,Action,postlaunch,21,19548,4927,7598,7023,53,0.798233333,1920598,23757
an,an,Action,postlaunch,22,16826,4088,6455,6283,38,0.806233333,1786009,14863
an,an,Action,postlaunch,23,21433,4982,8202,8249,33,0.859966667,1381405,12455
an,an,Action,postlaunch,24,44519,10249,18000,16270,42,1.0566,2423715,11997
g1,g,Sports,prelaunch,-16,106489,14677,83744,8068,54,10.13086667,27792709,27169
g1,g,Sports,prelaunch,-15,66387,17718,38991,9678,70,11.92313333,68137918,75732
g1,g,Sports,prelaunch,-14,14527,3709,7893,2925,75,6.096733333,17868135,31418
g1,g,Sports,prelaunch,-13,13220,3444,7182,2594,68,5.721333333,14722710,41528
g1,g,Sports,prelaunch,-12,48837,3437,43208,2192,64,6.7097,14829101,33296
g1,g,Sports,prelaunch,-11,25386,4754,17585,3047,71,8.386633333,19536528,42441
g1,g,Sports,prelaunch,-10,54889,27402,23659,3828,90,10.01213333,42850065,48817
g1,g,Sports,prelaunch,-9,52554,15531,30893,6130,83,12.32526667,52688912,64263
g1,g,Sports,prelaunch,-8,103635,34933,58176,10526,79,15.38726667,45403118,76386
g1,g,Sports,prelaunch,-7,167552,47071,87670,32811,54,23.03116667,57495711,97343
g1,g,Sports,prelaunch,-6,100101,19858,63006,17237,58,22.43176667,48400561,105722
g1,g,Sports,prelaunch,-5,93821,25598,52656,15567,66,25.48666667,64725647,133159
g1,g,Sports,prelaunch,-4,94572,21300,61155,12117,69,29.15813333,71030109,190938
g1,g,Sports,prelaunch,-3,161762,29951,114341,17470,58,42.35693333,64164425,261540
g1,g,Sports,prelaunch,-2,250984,50410,170916,29658,72,77.0952,153202961,370818
g1,g,Sports,prelaunch,-1,300560,54370,213759,32431,69,76.965,174889787,675393
g1,g,Sports,launch,0,512818,111421,353141,48256,78,113.6162333,263307069,7769367
g1,g,Sports,postlaunch,1,313592,83771,183760,46061,76,45.5355,234770583,1658645
g1,g,Sports,postlaunch,2,223361,58244,130041,35076,76,28.22953333,193342817,762313
g1,g,Sports,postlaunch,3,217861,57484,124984,35393,73,20.55506667,176264204,483720
g1,g,Sports,postlaunch,4,189869,51005,106864,32000,87,19.58003333,159859491,443712
g1,g,Sports,postlaunch,5,147994,40297,81259,26438,73,17.43933333,151402047,425433
g1,g,Sports,postlaunch,6,164160,42329,95867,25964,71,15.8118,142393347,305934
g1,g,Sports,postlaunch,7,168914,42244,96852,29818,71,16.62666667,147915139,488593
g1,g,Sports,postlaunch,8,271341,47537,188318,35486,62,26.11573333,144500728,1593263
g1,g,Sports,postlaunch,9,180681,47274,105213,28194,71,20.32866667,146320331,609387
g1,g,Sports,postlaunch,10,156565,35493,93955,27117,70,18.5487,136531413,436922
g1,g,Sports,postlaunch,11,199488,44675,123585,31228,61,18.7034,141675656,631042
g1,g,Sports,postlaunch,12,190005,39916,119762,30327,66,18.16966667,145004263,952012
g1,g,Sports,postlaunch,13,158713,40055,91705,26953,70,19.65636667,148822251,864851
g1,g,Sports,postlaunch,14,197502,49871,114451,33180,65,13.12436667,157425471,511224
g1,g,Sports,postlaunch,15,216774,58383,123670,34721,65,11.01563333,182441606,267634
g1,g,Sports,postlaunch,16,161752,44994,89785,26973,80,9.650233333,151097176,136647
g1,g,Sports,postlaunch,17,154049,41598,83969,28482,76,8.6132,135965605,120694
g1,g,Sports,postlaunch,18,142977,38819,78402,25756,72,8.896466667,136616552,146317
g1,g,Sports,postlaunch,19,144709,45500,74003,25206,79,8.0351,135948201,132824
g1,g,Sports,postlaunch,20,129763,31862,73686,24215,73,8.709633333,122823848,145116
g1,g,Sports,postlaunch,21,144748,35805,85651,23292,68,7.839066667,132705954,138016
g1,g,Sports,postlaunch,22,113377,28589,62926,21862,71,6.9378,115176126,124331
g1,g,Sports,postlaunch,23,107563,26471,62548,18544,67,7.148233333,123546075,171874
g1,g,Sports,postlaunch,24,102151,27223,56507,18421,70,6.6834,120066003,216012
g2,g,Sports,prelaunch,-16,77202,11937,53970,11295,57,12.832,43145210,6495
g2,g,Sports,prelaunch,-15,53270,12995,29809,10466,82,12.67296667,48441861,83800
g2,g,Sports,prelaunch,-14,26062,9892,10933,5237,95,6.9739,20695136,50111
g2,g,Sports,prelaunch,-13,18014,4258,9831,3925,67,5.9184,17136263,44628
g2,g,Sports,prelaunch,-12,26350,5956,15552,4842,59,7.262333333,19172757,52327
g2,g,Sports,prelaunch,-11,23498,5002,14551,3945,62,8.4599,20264611,51953
g2,g,Sports,prelaunch,-10,89528,20881,51217,17430,81,12.09926667,43491992,45588
g2,g,Sports,prelaunch,-9,147491,19538,114214,13739,60,13.3358,38064118,57633
g2,g,Sports,prelaunch,-8,85979,19399,55056,11524,65,18.4358,32563098,142040
g2,g,Sports,prelaunch,-7,150922,38682,86956,25284,60,25.57796667,53688092,173167
g2,g,Sports,prelaunch,-6,87571,22450,51365,13756,82,23.85623333,43013453,90895
g2,g,Sports,prelaunch,-5,101903,26513,59804,15586,79,25.77016667,61393457,109810
g2,g,Sports,prelaunch,-4,81598,19170,50695,11733,86,25.83853333,57981477,164843
g2,g,Sports,prelaunch,-3,143342,31350,94604,17388,66,44.91176667,73227230,270403
g2,g,Sports,prelaunch,-2,288931,63039,195653,30239,70,76.8742,170110694,394205
g2,g,Sports,prelaunch,-1,309480,66354,204595,38531,73,82.2864,171602647,717996
g2,g,Sports,launch,0,466309,102351,299461,64497,75,129.5901333,296952841,7743667
g2,g,Sports,postlaunch,1,290887,70575,163888,56424,66,54.7522,246912372,1677426
g2,g,Sports,postlaunch,2,224249,45716,131299,47234,52,29.3257,221742420,735201
g2,g,Sports,postlaunch,3,230074,49270,135269,45535,61,23.11226667,187942121,446971
g2,g,Sports,postlaunch,4,189254,45937,102599,40718,56,18.96653333,169606981,333289
g2,g,Sports,postlaunch,5,179264,42347,95956,40961,53,17.01076667,160490966,313508
g2,g,Sports,postlaunch,6,170231,36757,99632,33842,58,16.0091,154046737,271628
g2,g,Sports,postlaunch,7,146262,31200,83172,31890,54,15.97553333,147645122,274625
g2,g,Sports,postlaunch,8,196644,38650,128535,29459,68,17.44993333,160970026,407323
g2,g,Sports,postlaunch,9,186307,32913,122517,30877,64,30.45426667,168429047,1528726
g2,g,Sports,postlaunch,10,161730,32737,97513,31480,62,21.24953333,148751053,652066
g2,g,Sports,postlaunch,11,152008,47197,78632,26179,96,18.69086667,149741105,467763
g2,g,Sports,postlaunch,12,142160,39034,77717,25409,72,17.71363333,154588078,740998
g2,g,Sports,postlaunch,13,133161,29915,77351,25895,63,18.17293333,144170511,854965
g2,g,Sports,postlaunch,14,202700,38037,129034,35629,59,12.4034,160137736,495941
g2,g,Sports,postlaunch,15,232433,65611,133077,33745,78,10.58573333,191480014,226539
g2,g,Sports,postlaunch,16,141053,28967,87813,24273,69,9.974533333,145962506,123692
g2,g,Sports,postlaunch,17,142617,33974,79989,28654,65,9.414766667,141427985,116286
g2,g,Sports,postlaunch,18,138089,29108,83224,25757,68,9.074533333,134932342,142843
g2,g,Sports,postlaunch,19,135294,32042,80229,23023,76,8.553433333,133118850,152875
g2,g,Sports,postlaunch,20,130370,28851,75347,26172,62,9.410533333,141482034,167815
g2,g,Sports,postlaunch,21,119882,31179,66330,22373,66,9.5637,149531129,176120
g2,g,Sports,postlaunch,22,119790,29541,68281,21968,70,9.048466667,142753406,155487
g2,g,Sports,postlaunch,23,127949,27207,77310,23432,64,9.2713,140584390,179117
g2,g,Sports,postlaunch,24,109203,24279,58565,26359,68,8.734,140617102,211967
g3,g,Sports,prelaunch,-16,85122,21224,50239,13659,54,11.47966667,44695476,25565
g3,g,Sports,prelaunch,-15,24962,7498,14236,3228,80,6.087033333,24974612,29429
g3,g,Sports,prelaunch,-14,19726,3065,14644,2017,60,NA,24943286,25277
g3,g,Sports,prelaunch,-13,23839,2979,18606,2254,58,5.064966667,21526934,24742
g3,g,Sports,prelaunch,-12,19513,3267,14429,1816,64,5.187933333,20836590,25104
g3,g,Sports,prelaunch,-11,186021,63100,100696,22225,77,15.80466667,49924032,38239
g3,g,Sports,prelaunch,-10,118255,24434,84553,9268,71,9.771033333,33046994,59542
g3,g,Sports,prelaunch,-9,133858,30864,88490,14504,76,11.46993333,50223036,87584
g3,g,Sports,prelaunch,-8,217063,43935,146743,26385,64,19.25666667,51260154,238814
g3,g,Sports,prelaunch,-7,106181,18646,78731,8804,71,13.91486667,32662562,55588
g3,g,Sports,prelaunch,-6,83663,19296,57459,6908,73,15.65663333,27400517,63691
g3,g,Sports,prelaunch,-5,82077,19100,55057,7920,86,20.10286667,35061285,83985
g3,g,Sports,prelaunch,-4,215565,44745,142428,28391,67,42.5287,47524328,125684
g3,g,Sports,prelaunch,-3,149077,36582,96278,16216,74,36.3844,76016767,169557
g3,g,Sports,prelaunch,-2,162647,34359,111231,17051,80,40.06906667,74254347,256463
g3,g,Sports,prelaunch,-1,453982,87500,324371,42091,75,79.5779,208058583,966461
p1,p,Sports,prelaunch,-11,1546,432,633,481,52,5.1555,1567715,7932
p1,p,Sports,prelaunch,-10,5733,1461,2672,1600,47,4.332866667,1277306,14868
p1,p,Sports,prelaunch,-9,30164,6968,17960,5236,47,5.334566667,1715207,14068
p1,p,Sports,prelaunch,-8,23873,6303,10670,6900,66,5.954933333,3136474,16746
p1,p,Sports,prelaunch,-7,69672,10883,42348,16441,40,7.436266667,4439797,13428
p1,p,Sports,prelaunch,-6,35506,5654,22415,7437,45,4.9178,2410101,13041
p1,p,Sports,prelaunch,-5,25782,3987,16609,5186,40,6.147466667,3270236,17175
p1,p,Sports,prelaunch,-4,26791,6130,14100,6561,45,7.8542,2966207,22447
p1,p,Sports,prelaunch,-3,49595,9980,32646,6969,57,10.01593333,6483314,36082
p1,p,Sports,prelaunch,-2,59256,18896,28983,11377,51,11.6653,5961608,64288
p1,p,Sports,prelaunch,-1,358184,65148,261579,31457,64,25.72226667,24327144,140546
p1,p,Sports,launch,0,536482,105046,390141,41295,75,37.58943333,32568963,1293752
p1,p,Sports,postlaunch,1,157328,36495,90629,30204,55,15.6446,26117240,448747
p1,p,Sports,postlaunch,2,97934,22047,55752,20135,60,8.734866667,16892363,206185
p1,p,Sports,postlaunch,3,108832,19441,64267,25124,38,9.036266667,18490431,150367
p1,p,Sports,postlaunch,4,58546,13204,35142,10200,62,5.966433333,10472464,140658
p1,p,Sports,postlaunch,5,65362,12623,42046,10693,63,5.977466667,10424618,123535
p1,p,Sports,postlaunch,6,65592,13386,42022,10184,59,4.7674,19111223,85301
p1,p,Sports,postlaunch,7,50720,10843,30985,8892,71,4.426533333,11224126,99106
p1,p,Sports,postlaunch,8,71515,12150,48046,11319,63,4.459066667,10062346,59005
p1,p,Sports,postlaunch,9,62379,12003,40975,9401,72,3.5554,9898725,84633
p1,p,Sports,postlaunch,10,73164,15747,45043,12374,68,3.6477,10531560,59537
p1,p,Sports,postlaunch,11,70932,13793,46494,10645,70,3.0331,9806164,42516
p1,p,Sports,postlaunch,12,59964,11965,39490,8509,67,3.1561,10442474,65078
p1,p,Sports,postlaunch,13,61082,13996,37641,9445,73,3.462166667,9511097,65567
p1,p,Sports,postlaunch,14,72936,15399,46661,10876,69,4.2295,12403472,77184
p1,p,Sports,postlaunch,15,59827,14622,34147,11058,66,8.257966667,10271348,705939
p1,p,Sports,postlaunch,16,53829,13155,31175,9499,69,6.0817,9001111,215863
p1,p,Sports,postlaunch,17,101829,16308,72964,12557,52,5.116466667,9787002,117979
p1,p,Sports,postlaunch,18,74328,14633,49097,10598,57,5.300233333,10430624,167659
p1,p,Sports,postlaunch,19,64255,13875,40930,9450,68,5.541933333,10375729,298009
p1,p,Sports,postlaunch,20,76359,20625,45032,10702,70,5.628066667,11363606,293892
p1,p,Sports,postlaunch,21,66944,18180,37047,11717,70,3.6393,10850763,115594
p1,p,Sports,postlaunch,22,69279,14867,43181,11231,73,2.830266667,10695623,37369
p1,p,Sports,postlaunch,23,64108,16993,34227,12888,69,2.700533333,10947203,50384
p1,p,Sports,postlaunch,24,58124,12001,36462,9661,67,3.0391,10151881,80802
p2,p,Sports,prelaunch,-14,82633,13723,60752,8158,68,5.8471,13026961,8074
p2,p,Sports,prelaunch,-13,20153,4462,10254,5437,58,4.380166667,7105744,12005
p2,p,Sports,prelaunch,-12,11029,2255,6187,2587,62,2.743933333,5172028,8688
p2,p,Sports,prelaunch,-11,10185,1278,7280,1627,45,2.310733333,2237681,8035
p2,p,Sports,prelaunch,-10,8817,1865,4810,2142,46,2.5155,1627013,7492
p2,p,Sports,prelaunch,-9,8212,2125,4666,1421,66,2.4679,2579631,9578
p2,p,Sports,prelaunch,-8,28580,5133,18416,5031,63,3.301533333,2265948,10435
p2,p,Sports,prelaunch,-7,143901,16691,102664,24546,52,5.864,11360348,13870
p2,p,Sports,prelaunch,-6,25482,5193,12684,7605,47,4.439066667,4941765,13713
p2,p,Sports,prelaunch,-5,15383,3241,8132,4010,46,3.811566667,3486757,13059
p2,p,Sports,prelaunch,-4,28007,6283,16456,5268,78,6.749733333,4896391,22147
p2,p,Sports,prelaunch,-3,31961,5617,21152,5192,55,8.561333333,3431292,28815
p2,p,Sports,prelaunch,-2,121277,29477,70575,21225,71,22.0824,24851905,53826
p2,p,Sports,prelaunch,-1,428254,85760,303039,39455,70,29.54606667,32226215,156462
p2,p,Sports,launch,0,430926,66042,324695,40189,70,45.4576,39483596,1323239
p2,p,Sports,postlaunch,1,164576,34077,102275,28224,63,18.91233333,30483386,460761
p2,p,Sports,postlaunch,2,107020,26839,56406,23775,64,11.2841,22894476,245500
p2,p,Sports,postlaunch,3,113925,22170,71318,20437,62,8.863633333,26378171,172791
p2,p,Sports,postlaunch,4,80742,18816,45078,16848,61,6.8216,20754079,140490
p2,p,Sports,postlaunch,5,115140,21158,74231,19751,68,9.0457,29513534,139579
p2,p,Sports,postlaunch,6,80634,14199,51281,15154,48,8.3296,22949718,129472
p2,p,Sports,postlaunch,7,61783,12639,35570,13574,56,6.662166667,18281649,112563
p2,p,Sports,postlaunch,8,69101,13047,43210,12844,60,6.7031,22846472,108242
p2,p,Sports,postlaunch,9,66046,15190,38077,12779,59,6.123766667,18329390,100451
p2,p,Sports,postlaunch,10,65402,14528,37510,13364,60,5.557766667,18968210,88456
p2,p,Sports,postlaunch,11,66825,13399,39989,13437,55,7.176366667,20516648,137280
p2,p,Sports,postlaunch,12,65536,14068,38803,12665,60,5.266866667,18240692,78097
p2,p,Sports,postlaunch,13,66025,14554,39790,11681,63,4.9158,21654909,67405
p2,p,Sports,postlaunch,14,69345,13740,42540,13065,56,5.655866667,18981129,74662
p2,p,Sports,postlaunch,15,63560,14125,37726,11709,61,5.556566667,18852500,75577
p2,p,Sports,postlaunch,16,84945,18031,53555,13359,64,6.646866667,27246957,111894
p2,p,Sports,postlaunch,17,86757,19208,53338,14211,69,13.13496667,28738080,839319
p2,p,Sports,postlaunch,18,84109,19252,51349,13509,65,9.720566667,22216455,247932
p2,p,Sports,postlaunch,19,68879,12113,44861,11905,60,9.143933333,21486084,152823
p2,p,Sports,postlaunch,20,73019,14427,48004,10588,71,8.561666667,25129553,271623
p2,p,Sports,postlaunch,21,91932,20921,57394,13617,69,9.283733333,29530267,345082
p2,p,Sports,postlaunch,22,77270,18178,46846,12246,68,5.765666667,25582892,131520
p2,p,Sports,postlaunch,23,76332,22335,41745,12252,70,4.827166667,24075858,50980
p2,p,Sports,postlaunch,24,67963,18669,36970,12324,78,4.658433333,24868702,72608
p3,p,Sports,prelaunch,-16,20911,4830,11272,4809,61,NA,4351828,141
p3,p,Sports,prelaunch,-15,8009,1640,4479,1889,54,NA,2503859,308
p3,p,Sports,prelaunch,-14,4692,1340,1980,1372,47,NA,2279759,464
p3,p,Sports,prelaunch,-13,13940,4809,5417,3714,53,NA,4450712,521
p3,p,Sports,prelaunch,-12,10983,2104,6307,2572,54,3.120133333,1040928,728
p3,p,Sports,prelaunch,-11,12355,3090,6651,2614,30,3.6831,1165958,899
p3,p,Sports,prelaunch,-10,171639,31927,114646,25066,61,13.36516667,33412931,22360
p3,p,Sports,prelaunch,-9,49475,16658,23447,9370,70,5.885333333,8502686,22295
p3,p,Sports,prelaunch,-8,208116,27198,147486,33432,56,NA,7910102,20837
p3,p,Sports,prelaunch,-7,41912,9194,23982,8736,61,7.720766667,7126594,20223
p3,p,Sports,prelaunch,-6,156255,38992,93923,23337,74,22.1158,28044935,24827
p3,p,Sports,prelaunch,-5,45290,10778,26762,7750,70,10.21573333,11453197,25664
p3,p,Sports,prelaunch,-4,39364,9654,22930,6780,84,8.689433333,6236733,28854
p3,p,Sports,prelaunch,-3,38293,11816,19532,6945,80,11.95396667,5189028,38362
p3,p,Sports,prelaunch,-2,54761,15497,28424,10840,78,15.49273333,9966111,58845
p3,p,Sports,prelaunch,-1,159084,39780,93061,26243,66,35.32406667,18420400,205505
p3,p,Sports,launch,0,228710,57919,131053,39738,71,50.02823333,29571543,1603496
p3,p,Sports,postlaunch,1,408497,80055,268993,59449,66,24.87443333,29392545,410008
p3,p,Sports,postlaunch,2,163977,37278,98657,28041,61,13.38273333,23839757,193681
p3,p,Sports,postlaunch,3,88983,21616,52801,14562,71,8.185933333,19094297,160750
p3,p,Sports,postlaunch,4,80848,19249,47779,13818,65,6.4909,14784942,115281
p3,p,Sports,postlaunch,5,67049,17159,39994,9893,73,5.6593,12759179,99245
n1,n,Sports,prelaunch,-12,17727,4156,10094,3477,63,2.375933333,4408252,2715
n1,n,Sports,prelaunch,-11,1617,446,728,443,69,0.7465,793671,2474
n1,n,Sports,prelaunch,-10,251,55,125,71,61,0.708166667,293303,2650
n1,n,Sports,prelaunch,-9,1497,317,819,361,52,0.680466667,741755,3486
n1,n,Sports,prelaunch,-8,613,147,293,173,60,0.7243,757243,3357
n1,n,Sports,prelaunch,-7,8833,3014,4102,1717,51,1.8528,2427692,4981
n1,n,Sports,prelaunch,-6,4228,899,2576,753,72,2.027533333,2003457,6963
n1,n,Sports,prelaunch,-5,1649,412,976,261,85,1.2441,841101,7173
n1,n,Sports,prelaunch,-4,1488,460,751,277,66,1.1991,458425,7526
n1,n,Sports,prelaunch,-3,2679,767,1267,645,57,1.605333333,580288,9165
n1,n,Sports,prelaunch,-2,3114,753,1635,726,58,1.860866667,548176,13440
n1,n,Sports,prelaunch,-1,20656,4119,13679,2858,64,2.9357,2159710,30097
n1,n,Sports,launch,0,80280,10115,64882,5283,67,5.323466667,3228165,348859
n1,n,Sports,postlaunch,1,21519,3913,13270,4336,54,2.336833333,2588992,105313
n1,n,Sports,postlaunch,2,12221,2399,7356,2466,65,1.280233333,1946906,51713
n1,n,Sports,postlaunch,3,28183,2502,22967,2714,51,1.184866667,2374388,37222
n1,n,Sports,postlaunch,4,10112,1730,5843,2539,50,0.951033333,1314227,31621
n1,n,Sports,postlaunch,5,9025,1630,5687,1708,52,0.775066667,1176762,33422
n1,n,Sports,postlaunch,6,11594,2202,6959,2433,61,0.952833333,1480933,29960
n1,n,Sports,postlaunch,7,8695,1617,5463,1615,53,0.711566667,1908150,27405
n1,n,Sports,postlaunch,8,8286,1284,5407,1595,56,0.7695,1950665,19164
n1,n,Sports,postlaunch,9,9005,1710,5511,1784,57,0.807166667,1094506,35616
n1,n,Sports,postlaunch,10,8067,1362,5107,1598,53,1.834666667,1501783,185961
n1,n,Sports,postlaunch,11,7572,1637,4586,1349,64,1.334633333,1313567,62448
n1,n,Sports,postlaunch,12,12697,1390,9781,1526,47,1.071466667,2091541,37268
n1,n,Sports,postlaunch,13,8789,1410,6228,1151,55,1.164,2172705,63252
n1,n,Sports,postlaunch,14,15756,1740,12736,1280,54,1.113466667,3385441,95527
n1,n,Sports,postlaunch,15,24029,1800,20850,1379,53,1.2528,2202838,132021
n1,n,Sports,postlaunch,16,12660,2063,8810,1787,58,0.863133333,2183721,61382
n1,n,Sports,postlaunch,17,14362,2124,10358,1880,60,0.683233333,2140668,31185
n1,n,Sports,postlaunch,18,10084,1860,6391,1833,57,0.655533333,2043124,19679
n1,n,Sports,postlaunch,19,9622,1768,6032,1822,60,0.6429,2031447,24003
n1,n,Sports,postlaunch,20,8528,1802,5470,1256,63,0.676666667,2629772,26390
n1,n,Sports,postlaunch,21,7593,1521,4776,1296,60,0.550733333,1960987,11153
n1,n,Sports,postlaunch,22,7475,1767,4439,1269,67,0.561366667,1722984,23589
n1,n,Sports,postlaunch,23,7939,1580,4994,1365,61,0.6492,1800141,19010
n1,n,Sports,postlaunch,24,9478,2550,5354,1574,65,0.591633333,1937009,11655
n2,n,Sports,prelaunch,-12,28233,5570,16804,5859,45,2.3064,4018984,4521
n2,n,Sports,prelaunch,-11,5787,1622,2689,1476,73,0.6945,1205942,3823
n2,n,Sports,prelaunch,-10,1694,411,648,635,55,0.581166667,347569,3190
n2,n,Sports,prelaunch,-9,3364,584,1538,1242,22,0.564466667,184438,3560
n2,n,Sports,prelaunch,-8,8990,2052,4202,2736,54,0.909833333,1606058,6164
n2,n,Sports,prelaunch,-7,12893,2549,6786,3558,54,1.7098,2387738,4654
n2,n,Sports,prelaunch,-6,8300,1661,4192,2447,51,1.5524,1672209,5360
n2,n,Sports,prelaunch,-5,4191,1005,2344,842,52,0.907633333,637824,4426
n2,n,Sports,prelaunch,-4,5937,1185,3090,1662,59,0.984633333,452983,5642
n2,n,Sports,prelaunch,-3,4098,767,2534,797,63,1.2721,333636,7272
n2,n,Sports,prelaunch,-2,13837,2119,8878,2840,39,1.559266667,385986,11650
n2,n,Sports,prelaunch,-1,39297,5957,27774,5566,59,3.180233333,1908126,32334
n2,n,Sports,launch,0,102626,12941,82748,6937,54,5.066066667,4944506,299723
n2,n,Sports,postlaunch,1,14029,2628,8331,3070,50,2.039633333,3084930,105128
n2,n,Sports,postlaunch,2,9659,1799,5616,2244,55,1.334133333,1946912,49437
n2,n,Sports,postlaunch,3,11473,1834,7208,2431,46,1.265166667,2596366,38198
n2,n,Sports,postlaunch,4,9121,1453,5568,2100,52,1.010366667,2330577,36113
n2,n,Sports,postlaunch,5,12068,1098,9437,1533,49,0.961133333,1751728,40810
n2,n,Sports,postlaunch,6,6314,908,4177,1229,43,0.8312,1453531,25654
n2,n,Sports,postlaunch,7,5528,917,3573,1038,43,0.6959,1521237,19019
n2,n,Sports,postlaunch,8,7152,1343,4605,1204,53,0.781666667,2316813,23636
n2,n,Sports,postlaunch,9,19844,1665,16916,1263,48,0.789033333,1534406,21694
n2,n,Sports,postlaunch,10,6899,917,4998,984,56,0.945466667,2603866,36707
n2,n,Sports,postlaunch,11,7804,1432,5350,1022,61,1.9354,2096711,187663
n2,n,Sports,postlaunch,12,11260,2247,7153,1860,69,1.494633333,2579538,76614
n2,n,Sports,postlaunch,13,15107,3161,10664,1282,76,1.291466667,2112168,45824
n2,n,Sports,postlaunch,14,6046,1003,4133,910,60,1.228633333,2007058,76285
n2,n,Sports,postlaunch,15,5409,880,3742,787,62,1.343333333,2292259,120647
n2,n,Sports,postlaunch,16,8566,1819,5354,1393,60,0.932133333,1964283,59000
n2,n,Sports,postlaunch,17,9990,2259,6316,1415,72,0.7016,2912938,22762
n2,n,Sports,postlaunch,18,8901,1710,5705,1486,58,0.6713,2262550,13017
n2,n,Sports,postlaunch,19,9179,2076,5703,1400,72,0.6635,2524359,21528
n2,n,Sports,postlaunch,20,8380,1585,5360,1435,66,0.659866667,2127749,23625
n2,n,Sports,postlaunch,21,8014,1675,4952,1387,60,0.602933333,2316454,14948
n2,n,Sports,postlaunch,22,7254,1434,4581,1239,62,0.650433333,2333552,14225
n2,n,Sports,postlaunch,23,8741,1695,5602,1444,68,0.678933333,2445521,31806
n2,n,Sports,postlaunch,24,11042,2605,6810,1626,64,0.6448,2461679,37202
n3,n,Sports,prelaunch,-15,184,40,96,48,46,NA,17919,54
n3,n,Sports,prelaunch,-14,427,125,209,93,30,0.269366667,114260,59
n3,n,Sports,prelaunch,-13,400,75,199,126,67,0.266733333,52279,57
n3,n,Sports,prelaunch,-12,3050,509,1790,751,36,0.331666667,76120,1876
n3,n,Sports,prelaunch,-11,1420,299,885,236,58,0.3329,36831,1679
n3,n,Sports,prelaunch,-10,845,194,457,194,52,0.3925,26852,2094
n3,n,Sports,prelaunch,-9,1301,291,731,279,55,0.404566667,28675,2228
n3,n,Sports,prelaunch,-8,5264,1002,3171,1091,63,0.386633333,378670,2312
n3,n,Sports,prelaunch,-7,26192,7504,14027,4661,70,0.3853,5555859,8313
n3,n,Sports,prelaunch,-6,10855,2527,5201,3127,32,0.304033333,952473,6459
n3,n,Sports,prelaunch,-5,2280,539,1093,648,62,0.252833333,426732,5257
n3,n,Sports,prelaunch,-4,7006,1789,3508,1708,49,0.214433333,1804908,5486
n3,n,Sports,prelaunch,-3,4481,1145,2314,1022,63,0.192266667,1156557,6363
n3,n,Sports,prelaunch,-2,14849,4255,8391,2203,84,0.199766667,2713514,15172
oj,js,Action,prelaunch,-31,210310,49538,101318,59454,79,12.9523,16601602,8757
oj,js,Action,prelaunch,-30,95388,24946,37050,33392,59,7.403366667,26852172,31515
oj,js,Action,prelaunch,-29,12125,2907,4325,4893,31,1.905966667,2514967,14815
oj,js,Action,prelaunch,-28,9316,2449,4933,1934,32,1.579433333,1241706,11906
oj,js,Action,prelaunch,-27,8631,1855,4385,2391,50,1.492,1193345,9077
oj,js,Action,prelaunch,-26,3689,988,1610,1091,55,1.364133333,985194,7595
oj,js,Action,prelaunch,-25,3205,757,1810,638,73,1.254766667,776509,6040
oj,js,Action,prelaunch,-24,4299,1094,2221,984,67,1.6025,820351,9775
oj,js,Action,prelaunch,-23,130619,39676,59722,31221,71,6.195,11904612,13877
oj,js,Action,prelaunch,-22,99761,29050,43951,26760,60,6.496066667,32785892,27116
oj,js,Action,prelaunch,-21,22502,6863,8894,6745,27,1.954266667,6690431,12922
oj,js,Action,prelaunch,-20,25344,6777,9901,8666,45,2.262033333,8560409,11850
oj,js,Action,prelaunch,-19,6979,2070,2528,2381,49,1.7064,4137672,11536
oj,js,Action,prelaunch,-18,6632,1490,2419,2723,30,1.594866667,2367416,9877
oj,js,Action,prelaunch,-17,2742,841,1149,752,68,1.4563,1737175,10616
oj,js,Action,prelaunch,-16,3408,965,1403,1040,64,1.1099,1070848,8977
oj,js,Action,prelaunch,-15,2163,571,1043,549,57,1.3747,773120,9042
oj,js,Action,prelaunch,-14,3318,764,2022,532,80,1.3687,541230,8555
oj,js,Action,prelaunch,-13,2233,610,1067,556,60,1.4761,525472,10391
oj,js,Action,prelaunch,-12,2737,856,1145,736,81,1.704733333,541328,11443
oj,js,Action,prelaunch,-11,4624,1288,2367,969,88,1.906466667,612482,10746
oj,js,Action,prelaunch,-10,3868,1221,1782,865,63,2.087266667,706966,11591
oj,js,Action,prelaunch,-9,4752,1170,2674,908,50,2.051666667,742627,12148
oj,js,Action,prelaunch,-8,3250,892,1308,1050,51,1.927533333,786029,10497
oj,js,Action,prelaunch,-7,45400,11159,24850,9391,65,3.752133333,8809191,16244
oj,js,Action,prelaunch,-6,12140,3372,6136,2632,70,3.6871,4280210,21988
oj,js,Action,prelaunch,-5,14433,4361,6285,3787,73,3.6494,4032508,23175
oj,js,Action,prelaunch,-4,41537,13970,17383,10184,66,5.0128,6742383,32895
oj,js,Action,prelaunch,-3,34780,11967,12282,10531,67,5.917733333,9055485,50315
oj,js,Action,prelaunch,-2,45592,11340,25227,9025,66,8.5161,12848562,96317
oj,js,Action,prelaunch,-1,44278,13166,20564,10548,64,12.03576667,13402503,146283
oj,js,Action,launch,0,388510,102973,204931,80606,70,57.7218,60958367,2398923
oj,js,Action,postlaunch,1,381436,113184,168885,99367,67,40.76093333,123659230,851202
oj,js,Action,postlaunch,2,227302,64156,106722,56424,65,30.3513,75832033,656442
oj,js,Action,postlaunch,3,150275,46090,70731,33454,72,19.91493333,50353108,485388
oj,js,Action,postlaunch,4,99560,29081,50995,19484,76,15.55203333,33981343,508070
oj,js,Action,postlaunch,5,86667,24262,46465,15940,71,17.6745,27950324,864403
oj,js,Action,postlaunch,6,90669,26634,45592,18443,73,21.2026,33880311,978589
oj,js,Action,postlaunch,7,91522,27509,43523,20490,73,13.91913333,32045233,461086
oj,js,Action,postlaunch,8,69681,20168,33803,15710,68,8.100266667,24709557,152866
oj,js,Action,postlaunch,9,54917,15148,26879,12890,60,7.208166667,18933046,84901
oj,js,Action,postlaunch,10,44678,13154,21987,9537,73,5.088733333,14698284,97347
oj,js,Action,postlaunch,11,45417,14726,20792,9899,81,4.0356,11840245,75647
oj,js,Action,postlaunch,12,32841,10495,15892,6454,79,3.5576,11048614,57616
oj,js,Action,postlaunch,13,26588,9019,12879,4690,81,3.206833333,9879047,52402
oj,js,Action,postlaunch,14,37654,11407,17305,8942,73,3.095,9543818,78330
oj,js,Action,postlaunch,15,26850,9077,12813,4960,80,2.8577,8087754,77119
oj,js,Action,postlaunch,16,24606,8298,12534,3774,84,2.395033333,7388980,47630
oj,js,Action,postlaunch,17,20579,6640,11043,2896,80,2.559766667,7588211,32464
oj,js,Action,postlaunch,18,22726,7752,11557,3417,82,3.4623,6934699,115662
oj,js,Action,postlaunch,19,21649,7430,10794,3425,81,3.642866667,8276432,73106
oj,js,Action,postlaunch,20,26379,7929,14761,3732,82,4.083466667,8083478,154231
oj,js,Action,postlaunch,21,24998,8746,12716,3536,81,3.644233333,7804680,136596
oj,js,Action,postlaunch,22,34101,11705,17935,4461,86,3.421466667,6767694,86523
oj,js,Action,postlaunch,23,19269,6292,9749,3228,78,2.631466667,6508488,41112
oj,js,Action,postlaunch,24,29896,8332,16680,4884,74,3.2055,7128720,106323
os,js,Shooter,prelaunch,-15,170882,47387,96031,27464,76,NA,31730643,30528
os,js,Shooter,prelaunch,-14,17422,5495,8284,3643,72,3.135,8537612,14569
os,js,Shooter,prelaunch,-13,9189,2790,4619,1780,71,NA,1222969,9886
os,js,Shooter,prelaunch,-12,6133,1957,2699,1477,73,1.317,651122,7596
os,js,Shooter,prelaunch,-11,9084,2594,4859,1624,94,1.3046,606590,6841
os,js,Shooter,prelaunch,-10,20155,7253,8232,4670,83,2.2116,2582462,7438
os,js,Shooter,prelaunch,-9,12571,4032,5532,3007,67,1.768966667,1562948,7597
os,js,Shooter,prelaunch,-8,8082,2783,3433,1866,76,1.478033333,879046,7165
os,js,Shooter,prelaunch,-7,7771,2505,3482,1784,74,1.515633333,632763,6419
os,js,Shooter,prelaunch,-6,4774,1557,2093,1124,68,1.611633333,550556,8915
os,js,Shooter,prelaunch,-5,19135,5656,10710,2769,81,2.527333333,2611536,10370
os,js,Shooter,prelaunch,-4,8069,2422,4044,1603,64,2.192233333,1449753,14019
os,js,Shooter,prelaunch,-3,9704,3307,4763,1632,82,2.268266667,656475,15979
os,js,Shooter,prelaunch,-2,49547,16388,25103,8043,86,5.872433333,11033661,42584
os,js,Shooter,prelaunch,-1,21485,6787,10164,4529,74,5.397966667,3221438,59545
os,js,Shooter,launch,0,205710,60420,93281,51969,59,34.52756667,21313556,1099666
