product,forums,news,twitter,video,convo_vol,positive_vol,neutral_vol,negative_vol,senti_score_avg,senti_score_wk,week,units,index,views,group,cat,period
an,9846,1157,68208,26078,105289,32376,49905,23008,65,73,-37,5112,3.692866667,6428505,an,Action,prelaunch
an,11225,1024,30771,58471,101491,40055,36595,24841,83.14285714,81,-36,46104,3.744366667,26781995,an,Action,prelaunch
an,5417,322,14012,11300,31051,8621,16012,6418,70.85714286,71,-35,12668,1.610566667,4503416,an,Action,prelaunch
an,3081,453,3302,7055,13891,4166,4813,4912,53.14285714,48,-34,10730,1.2555,2356591,an,Action,prelaunch
an,5731,414,5846,17857,29848,9988,9098,10762,55.71428571,56,-33,7899,1.2399,5486643,an,Action,prelaunch
an,3625,156,3631,7998,15410,4471,5860,5079,53.57142857,33,-32,7343,1.0832,3366742,an,Action,prelaunch
an,3098,19,1971,4534,9622,2383,3701,3538,43.42857143,43,-31,5953,0.890233333,1523560,an,Action,prelaunch
an,2840,442,2469,4411,10162,2325,3996,3841,43.57142857,33,-30,5387,0.905933333,1918149,an,Action,prelaunch
an,2424,499,2518,2613,8054,2198,3181,2675,54.57142857,43,-29,5376,0.8538,1003767,an,Action,prelaunch
an,878,75,1116,1799,3868,1027,1830,1011,59.57142857,59,-28,5116,0.849066667,930033,an,Action,prelaunch
an,645,32,1371,3207,5255,1659,2010,1586,62.42857143,64,-27,6175,0.8395,996070,an,Action,prelaunch
an,1475,194,4753,2782,9204,2498,4725,1981,60,77,-26,6992,0.867733333,976400,an,Action,prelaunch
an,3125,544,5935,7044,16648,4808,6588,5252,52.85714286,36,-25,5366,1.025866667,1825996,an,Action,prelaunch
an,3740,1171,8352,6147,19410,5294,8327,5789,59.42857143,61,-24,7134,1.190833333,4708879,an,Action,prelaunch
an,1931,399,2135,2045,6510,1932,2854,1724,65.28571429,67,-23,4371,0.877666667,1077375,an,Action,prelaunch
an,1236,65,2907,3925,8133,1966,3382,2785,46.71428571,55,-22,3971,0.811,2281862,an,Action,prelaunch
an,1839,55,2733,2094,6721,1968,3151,1602,69.85714286,76,-21,5628,0.8051,1078308,an,Action,prelaunch
an,1188,125,1497,1461,4271,1219,1993,1059,67,66,-20,5012,0.7404,827008,an,Action,prelaunch
an,1490,25,2970,3502,7987,2441,4011,1535,72.57142857,63,-19,6087,0.610466667,669053,an,Action,prelaunch
an,1793,33,1716,2285,5827,1740,2706,1381,68,69,-18,4182,0.6681,888012,an,Action,prelaunch
an,1841,73,3636,3247,8797,2150,4547,2100,57.42857143,54,-17,4306,0.841966667,1058918,an,Action,prelaunch
an,3930,292,2865,9996,17083,5122,5622,6339,50.28571429,45,-16,4991,1.1445,3910461,an,Action,prelaunch
an,3435,308,3936,4407,12086,4264,4243,3579,67,65,-15,4780,1.226366667,2818055,an,Action,prelaunch
an,4101,131,3939,4729,12900,4069,5398,3433,63.42857143,58,-14,5721,1.294466667,2560239,an,Action,prelaunch
an,3259,53,3539,3525,10376,3090,4297,2989,61.71428571,59,-13,5481,1.386,1829468,an,Action,prelaunch
an,5037,893,7097,5154,18181,4457,8460,5264,51,55,-12,7029,1.670566667,2265702,an,Action,prelaunch
an,12337,811,17436,7710,38294,9300,17408,11586,51.57142857,51,-11,11776,2.46,4599122,an,Action,prelaunch
an,13180,621,13089,19292,46182,11924,19530,14728,51.42857143,43,-10,18273,1.955266667,6516471,an,Action,prelaunch
an,8026,687,7285,14701,30699,9239,12250,9210,60.71428571,60,-9,21587,1.784166667,4453711,an,Action,prelaunch
an,5254,75,5547,8171,19047,5412,7978,5657,58.71428571,52,-8,31029,1.765733333,2365991,an,Action,prelaunch
an,8257,495,13588,11818,34158,9579,15966,8613,65,66,-7,38292,2.377866667,3316202,an,Action,prelaunch
an,17940,701,46710,30985,96336,22331,53481,20524,61.85714286,59,-6,61851,4.2038,11097696,an,Action,prelaunch
an,26637,933,32319,31816,91705,27191,39701,24813,62,82,-5,106406,5.144,11213202,an,Action,prelaunch
an,116773,2898,213779,94004,427454,92925,197688,136841,52.85714286,57,-4,338421,9.504966667,24996831,an,Action,prelaunch
an,143637,3314,168842,183095,498888,122787,189086,187015,39.14285714,31,-3,146359,6.6072,36015599,an,Action,prelaunch
an,101212,2164,94085,80272,277733,73019,111774,92940,50.85714286,43,-2,113035,4.7664,24083385,an,Action,prelaunch
an,94299,2928,119928,67036,284191,68487,132325,83379,53.57142857,56,-1,180078,5.9122,25204130,an,Action,prelaunch
an,247922,8685,207998,210938,675543,167296,241688,266559,37,35,0,2328668,8.795133333,44967510,an,Action,launch
an,250994,4836,153622,177904,587356,141741,202644,242971,34,33,1,410531,5.970633333,45391689,an,Action,postlaunch
an,215100,3502,114645,139159,472406,106056,160748,205602,29.71428571,27,2,128719,3.936566667,28559838,an,Action,postlaunch
an,158762,2864,60202,77861,299689,70718,91407,137564,27.71428571,25,3,62333,2.655166667,15799376,an,Action,postlaunch
an,84430,1233,36293,35093,157049,36973,54221,65855,32.28571429,37,4,33852,1.859333333,9222049,an,Action,postlaunch
an,90486,2098,34386,50490,177460,40377,54070,83013,26.14285714,26,5,25795,1.4707,8308511,an,Action,postlaunch
an,70217,3037,49297,55345,177896,38304,51089,88503,25.14285714,24,6,18953,1.6386,8279202,an,Action,postlaunch
an,42165,1631,19989,21741,85526,19350,28496,37680,28.28571429,31,7,17422,1.097866667,5688746,an,Action,postlaunch
an,39827,322,22970,17086,80205,15447,34102,30656,29.71428571,26,8,25641,0.9398,3372383,an,Action,postlaunch
an,51914,1011,17929,29047,99901,21387,31230,47284,24.28571429,20,9,17397,0.948066667,4814930,an,Action,postlaunch
an,36870,583,11902,21744,71099,16141,21448,33510,24.28571429,23,10,13335,0.887666667,3827633,an,Action,postlaunch
an,27983,1318,10106,20013,59420,12773,18166,28481,22.28571429,25,11,15367,0.994133333,3723526,an,Action,postlaunch
an,18660,180,6231,14628,39699,8864,13090,17745,27.71428571,28,12,20441,0.9453,3486342,an,Action,postlaunch
an,18792,282,5552,10932,35558,8177,11700,15681,28.85714286,26,13,11307,0.8963,2306324,an,Action,postlaunch
an,30119,534,11873,22518,65044,14219,21389,29436,25.28571429,26,14,12889,1.052366667,3431248,an,Action,postlaunch
an,20530,233,11872,19610,52245,11816,19696,20733,34.28571429,45,15,23138,0.975066667,3321580,an,Action,postlaunch
an,14159,588,6469,10207,31423,7530,11005,12888,33.71428571,32,16,33118,0.972266667,3298103,an,Action,postlaunch
an,11032,699,7693,9709,29133,7052,10428,11653,35.14285714,33,17,27751,0.851533333,2708825,an,Action,postlaunch
an,9773,433,5944,10854,27004,6652,9060,11292,35.28571429,31,18,15325,0.832533333,3432367,an,Action,postlaunch
an,7800,36,4603,6841,19280,5183,6940,7157,45,39,19,13467,0.696966667,2193909,an,Action,postlaunch
an,9972,180,4952,13713,28817,6741,9344,12732,31.14285714,35,20,16961,0.7075,1752593,an,Action,postlaunch
an,7112,130,4907,7399,19548,4927,7598,7023,43.57142857,53,21,23757,0.798233333,1920598,an,Action,postlaunch
an,8911,275,4253,3387,16826,4088,6455,6283,40,38,22,14863,0.806233333,1786009,an,Action,postlaunch
an,8924,75,5185,7249,21433,4982,8202,8249,37.57142857,33,23,12455,0.859966667,1381405,an,Action,postlaunch
an,19561,893,12015,12050,44519,10249,18000,16270,38.14285714,42,24,11997,1.0566,2423715,an,Action,postlaunch
an,20349,478,13256,10185,44268,10490,19983,13795,47.85714286,49,25,14897,0.885733333,2228415,an,Action,postlaunch
an,15605,310,7627,10532,34074,7571,14223,12280,38.85714286,38,26,25023,0.799833333,1859655,an,Action,postlaunch
an,14283,139,4282,5255,23959,6375,9359,8225,48.28571429,52,27,16447,0.745566667,1392439,an,Action,postlaunch
an,13262,175,6080,5155,24672,6153,9455,9064,41.14285714,46,28,11904,0.765066667,1439562,an,Action,postlaunch
an,12312,359,5017,3967,21655,5382,8725,7548,45.14285714,47,29,11050,0.722566667,1829148,an,Action,postlaunch
an,11316,948,6913,13720,32897,7451,11224,14222,33.85714286,34,30,9765,0.781966667,3034545,an,Action,postlaunch
an,7936,103,3508,3704,15251,3699,5561,5991,36.28571429,39,31,10421,0.611833333,1567442,an,Action,postlaunch
an,6342,50,2604,2108,11104,2750,4044,4310,38.28571429,40,32,12432,0.5823,1082680,an,Action,postlaunch
an,8254,111,3407,3399,15171,3811,5948,5412,43.14285714,43,33,10992,0.579,1212398,an,Action,postlaunch
an,11626,188,6475,3046,21335,5307,8883,7145,47,42,34,9346,0.694166667,1152297,an,Action,postlaunch
an,12560,126,5957,6109,24752,6016,9712,9024,39.57142857,41,35,12196,0.694566667,1712545,an,Action,postlaunch
an,9015,228,4135,5602,18980,4960,7198,6822,44.71428571,47,36,11097,0.637866667,1671949,an,Action,postlaunch
an,6414,845,7382,3207,17848,4268,7709,5871,44.71428571,44,37,8653,0.591333333,1443589,an,Action,postlaunch
an,8087,1198,8090,8716,26091,6187,9978,9926,41.14285714,36,38,6197,0.618466667,1645391,an,Action,postlaunch
an,7632,299,5090,8952,21973,5628,8487,7858,45.42857143,49,39,25059,0.736566667,3081725,an,Action,postlaunch
an,7552,66,3728,2402,13748,3673,5380,4695,49.71428571,50,40,99276,1.064233333,1382670,an,Action,postlaunch
an,6204,44,3032,2483,11763,3026,5203,3534,52.57142857,59,41,43142,0.774766667,1198660,an,Action,postlaunch
an,8655,91,5763,3539,18048,4792,7873,5383,54.28571429,57,42,30021,0.710933333,1338476,an,Action,postlaunch
an,7948,235,3179,4467,15829,3858,7188,4783,49.85714286,42,43,39832,0.6363,1191672,an,Action,postlaunch
an,6508,50,3117,2773,12448,3227,5496,3725,54.14285714,56,44,52561,0.762166667,1165069,an,Action,postlaunch
an,7221,36,3379,3131,13767,3472,5980,4315,50.57142857,58,45,31043,0.7241,1253493,an,Action,postlaunch
an,6743,32,3474,3127,13376,3451,5635,4290,50.28571429,46,46,20943,0.5587,1912818,an,Action,postlaunch
an,7492,41,4210,3134,14877,3769,6314,4794,49.28571429,48,47,10052,0.5934,1079958,an,Action,postlaunch
an,7562,45,3682,2788,14077,3549,6093,4435,50.57142857,53,48,20982,0.5774,1053174,an,Action,postlaunch
an,8231,142,3928,2909,15210,3832,6551,4827,49.71428571,47,49,9264,0.536733333,1450777,an,Action,postlaunch
an,7908,167,2885,4955,15915,4041,6482,5392,47.85714286,40,50,6993,0.550533333,1089096,an,Action,postlaunch
an,11599,1743,19968,23470,56780,13775,21734,21271,42.57142857,56,51,6953,0.877633333,5000203,an,Action,postlaunch
an,7846,55,3365,2767,14033,3846,5900,4287,55,50,52,37537,0.567,2063534,an,Action,postlaunch
an,7703,354,6840,8324,23221,7005,9321,6895,60.85714286,54,53,44396,0.592433333,3315412,an,Action,postlaunch
an,4671,27,2517,2280,9495,2580,4422,2493,60.85714286,65,54,25334,0.465633333,2746781,an,Action,postlaunch
an,4212,49,1851,1868,7980,2131,3709,2140,59.85714286,67,55,11143,0.4064,1604372,an,Action,postlaunch
an,3695,12,1822,1455,6984,1648,3501,1835,55.57142857,63,56,7470,0.429033333,1191014,an,Action,postlaunch
an,3261,33,2557,1632,7483,1855,3802,1826,59.57142857,61,57,4216,0.4581,1008443,an,Action,postlaunch
an,4157,15,3308,1822,9302,2558,4350,2394,61.71428571,49,58,11906,0.518933333,1021596,an,Action,postlaunch
an,4094,20,3578,2007,9699,2315,5004,2380,57.57142857,64,59,23082,0.5519,1495472,an,Action,postlaunch
an,4945,41,3122,4745,12853,3337,6132,3384,58.71428571,46,60,21592,0.573566667,1571424,an,Action,postlaunch
an,5120,14,2045,2324,9503,2592,4028,2883,55.71428571,65,61,10172,0.5075,1123161,an,Action,postlaunch
an,4745,17,1701,2981,9444,2753,4206,2485,64.71428571,71,62,9155,0.515666667,1065467,an,Action,postlaunch
an,4443,57,3015,1821,9336,2516,4335,2485,60.71428571,61,63,9800,0.5177,1136870,an,Action,postlaunch
an,5237,696,6230,2155,14318,3790,6245,4283,61,64,64,12345,0.569933333,2008278,an,Action,postlaunch
an,5528,382,4135,8504,18549,4570,7240,6739,42.57142857,47,65,23582,0.5509,2278787,an,Action,postlaunch
an,4340,49,1621,2345,8355,2259,3615,2481,55.85714286,58,66,20025,0.452466667,1645954,an,Action,postlaunch
an,4852,62,3197,2466,10577,2238,5715,2624,51.85714286,57,67,9572,0.379033333,1701525,an,Action,postlaunch
an,5601,46,1430,1943,9020,2392,3916,2712,55.42857143,55,68,17274,0.4466,1418799,an,Action,postlaunch
an,5292,82,2764,2033,10171,2587,4214,3370,48.14285714,52,69,9919,0.480833333,1930714,an,Action,postlaunch
an,3350,50,1913,1948,7261,2047,3210,2004,61.14285714,63,70,4524,0.402033333,1940767,an,Action,postlaunch
an,4749,34,1955,1338,8076,1988,3913,2175,55.28571429,57,71,3545,NA,1855843,an,Action,postlaunch
an,4546,39,1234,1060,6879,1784,3160,1935,54.71428571,50,72,15792,0.4195,1991676,an,Action,postlaunch
an,3320,21,1301,931,5573,1517,2501,1555,59.42857143,58,73,12703,0.421666667,1676140,an,Action,postlaunch
an,4397,215,3533,2451,10596,2818,4908,2870,58.42857143,59,74,9909,0.455766667,1024515,an,Action,postlaunch
an,6687,422,5006,5204,17319,4590,7472,5257,52,54,75,11847,0.4956,1306169,an,Action,postlaunch
an,7495,202,3795,6927,18419,5075,7918,5426,56,68,76,14836,0.505733333,1397366,an,Action,postlaunch
an,4357,90,2781,19137,26365,5622,10998,9745,46.71428571,57,77,15636,0.429766667,1335355,an,Action,postlaunch
an,4449,56,1815,4699,11019,2974,4496,3549,53,64,78,14323,0.397166667,3823531,an,Action,postlaunch
an,4708,85,2326,3490,10609,2969,4210,3430,54.42857143,62,79,6964,0.461866667,1158637,an,Action,postlaunch
an,4742,145,2060,2967,9914,2608,3922,3384,48.57142857,48,80,11617,0.427733333,1039778,an,Action,postlaunch
an,9065,91,6482,4492,20130,4049,9805,6275,41.57142857,49,81,10493,0.459466667,1809396,an,Action,postlaunch
an,6864,48,2085,2732,11729,2728,4694,4292,39.14285714,36,82,9721,0.494966667,1440898,an,Action,postlaunch
an,5010,48,1796,1878,8732,2138,3869,2717,49.42857143,53,83,7874,0.446866667,1476436,an,Action,postlaunch
an,12153,30,2292,2321,16796,5119,7327,4337,61.28571429,58,84,3699,0.341166667,1418033,an,Action,postlaunch
g1,2911,49,85983,17546,106489,14677,83744,8068,59.71428571,54,-16,27169,10.13086667,27792709,g,Sports,prelaunch
g1,4749,52,30138,31448,66387,17718,38991,9678,75.42857143,70,-15,75732,11.92313333,68137918,g,Sports,prelaunch
g1,1364,7,3733,9423,14527,3709,7893,2925,66.28571429,75,-14,31418,6.096733333,17868135,g,Sports,prelaunch
g1,1761,58,3067,8334,13220,3444,7182,2594,65.71428571,68,-13,41528,5.721333333,14722710,g,Sports,prelaunch
g1,887,2,40469,7479,48837,3437,43208,2192,63.57142857,64,-12,33296,6.7097,14829101,g,Sports,prelaunch
g1,1240,1,12157,11988,25386,4754,17585,3047,65.85714286,71,-11,42441,8.386633333,19536528,g,Sports,prelaunch
g1,1373,1,36839,16676,54889,27402,23659,3828,79.57142857,90,-10,48817,10.01213333,42850065,g,Sports,prelaunch
g1,1891,174,26891,23598,52554,15531,30893,6130,78.42857143,83,-9,64263,12.32526667,52688912,g,Sports,prelaunch
g1,3010,110,68514,32001,103635,34933,58176,10526,85.71428571,79,-8,76386,15.38726667,45403118,g,Sports,prelaunch
g1,6126,96,128679,32651,167552,47071,87670,32811,69.71428571,54,-7,97343,23.03116667,57495711,g,Sports,prelaunch
g1,5704,56,58211,36130,100101,19858,63006,17237,61.28571429,58,-6,105722,22.43176667,48400561,g,Sports,prelaunch
g1,6188,228,48776,38629,93821,25598,52656,15567,69.42857143,66,-5,133159,25.48666667,64725647,g,Sports,prelaunch
g1,3068,185,53149,38170,94572,21300,61155,12117,70.42857143,69,-4,190938,29.15813333,71030109,g,Sports,prelaunch
g1,5756,148,114143,41715,161762,29951,114341,17470,67.14285714,58,-3,261540,42.35693333,64164425,g,Sports,prelaunch
g1,10748,289,157802,82145,250984,50410,170916,29658,68.57142857,72,-2,370818,77.0952,153202961,g,Sports,prelaunch
g1,8345,400,187659,104156,300560,54370,213759,32431,67.71428571,69,-1,675393,76.965,174889787,g,Sports,prelaunch
g1,9277,658,354077,148806,512818,111421,353141,48256,74,78,0,7769367,113.6162333,263307069,g,Sports,launch
g1,9411,884,159771,143526,313592,83771,183760,46061,75.71428571,76,1,1658645,45.5355,234770583,g,Sports,postlaunch
g1,5770,236,98647,118708,223361,58244,130041,35076,73.57142857,76,2,762313,28.22953333,193342817,g,Sports,postlaunch
g1,4986,119,86323,126433,217861,57484,124984,35393,73.28571429,73,3,483720,20.55506667,176264204,g,Sports,postlaunch
g1,4320,41,70137,115371,189869,51005,106864,32000,72.42857143,87,4,443712,19.58003333,159859491,g,Sports,postlaunch
g1,5413,106,48402,94073,147994,40297,81259,26438,72.28571429,73,5,425433,17.43933333,151402047,g,Sports,postlaunch
g1,4056,343,75440,84321,164160,42329,95867,25964,71.14285714,71,6,305934,15.8118,142393347,g,Sports,postlaunch
g1,4092,29,58214,106579,168914,42244,96852,29818,69.42857143,71,7,488593,16.62666667,147915139,g,Sports,postlaunch
g1,4254,27,152211,114849,271341,47537,188318,35486,63.57142857,62,8,1593263,26.11573333,144500728,g,Sports,postlaunch
g1,4447,43,66610,109581,180681,47274,105213,28194,73.28571429,71,9,609387,20.32866667,146320331,g,Sports,postlaunch
g1,4212,26,55793,96534,156565,35493,93955,27117,66.14285714,70,10,436922,18.5487,136531413,g,Sports,postlaunch
g1,4691,20,99045,95732,199488,44675,123585,31228,66.42857143,61,11,631042,18.7034,141675656,g,Sports,postlaunch
g1,5757,45,90508,93695,190005,39916,119762,30327,64.85714286,66,12,952012,18.16966667,145004263,g,Sports,postlaunch
g1,5408,24,49990,103291,158713,40055,91705,26953,70.42857143,70,13,864851,19.65636667,148822251,g,Sports,postlaunch
g1,6425,47,66303,124727,197502,49871,114451,33180,70,65,14,511224,13.12436667,157425471,g,Sports,postlaunch
g1,5343,222,92473,118736,216774,58383,123670,34721,73.57142857,65,15,267634,11.01563333,182441606,g,Sports,postlaunch
g1,4628,40,60787,96297,161752,44994,89785,26973,74,80,16,136647,9.650233333,151097176,g,Sports,postlaunch
g1,5045,36,40638,108330,154049,41598,83969,28482,71.14285714,76,17,120694,8.6132,135965605,g,Sports,postlaunch
g1,4692,52,36812,101421,142977,38819,78402,25756,72.42857143,72,18,146317,8.896466667,136616552,g,Sports,postlaunch
g1,5689,41,51166,87813,144709,45500,74003,25206,74.85714286,79,19,132824,8.0351,135948201,g,Sports,postlaunch
g1,3985,31,35236,90511,129763,31862,73686,24215,67.14285714,73,20,145116,8.709633333,122823848,g,Sports,postlaunch
g1,5157,13,26719,112859,144748,35805,85651,23292,70.71428571,68,21,138016,7.839066667,132705954,g,Sports,postlaunch
g1,4750,14,26356,82257,113377,28589,62926,21862,67.57142857,71,22,124331,6.9378,115176126,g,Sports,postlaunch
g1,3998,8,28161,75396,107563,26471,62548,18544,69.42857143,67,23,171874,7.148233333,123546075,g,Sports,postlaunch
g1,3721,8,21298,77124,102151,27223,56507,18421,71.71428571,70,24,216012,6.6834,120066003,g,Sports,postlaunch
g1,4891,10,56651,75569,137121,26119,92131,18871,65.57142857,71,25,153888,6.880666667,118620881,g,Sports,postlaunch
g1,4648,6,40931,77410,122995,34711,68964,19320,74.85714286,76,26,100545,6.125066667,133272882,g,Sports,postlaunch
g1,4200,7,20055,66818,91080,23446,50839,16795,69.57142857,68,27,79786,5.848666667,126530827,g,Sports,postlaunch
g1,4428,12,26596,71544,102580,25082,56731,20767,65.14285714,75,28,88222,6.197966667,122164045,g,Sports,postlaunch
g1,3327,16,19042,77246,99631,25509,55674,18448,69.57142857,71,29,185950,5.666666667,123819503,g,Sports,postlaunch
g1,3125,13,18405,67959,89502,21840,50846,16816,67,70,30,169714,5.7052,122875239,g,Sports,postlaunch
g1,3447,5,24285,68630,96367,22620,56506,17241,66.57142857,68,31,91987,5.6091,120248460,g,Sports,postlaunch
g1,4239,32,37874,67119,109264,23446,66171,19647,63,61,32,86940,6.333566667,116441654,g,Sports,postlaunch
g1,3762,11,28670,74341,106784,26057,62153,18574,68.42857143,69,33,81137,5.597466667,126444907,g,Sports,postlaunch
g1,4471,41,17572,84704,106788,30535,55452,20801,72.28571429,72,34,104709,5.539833333,128791242,g,Sports,postlaunch
g1,5633,13,19057,86266,110969,30780,59802,20387,72.57142857,69,35,157228,6.335466667,127157244,g,Sports,postlaunch
g1,6239,23,21702,64269,92233,22865,50190,19178,64.85714286,64,36,145676,6.330533333,118008270,g,Sports,postlaunch
g1,5379,18,19986,69503,94886,24653,52776,17457,69.85714286,61,37,149081,6.1476,123839464,g,Sports,postlaunch
g1,3378,22,18695,65801,87896,21385,49168,17343,65.28571429,69,38,96274,5.736566667,119637638,g,Sports,postlaunch
g1,3890,70,17153,63772,84885,23588,45129,16168,71.85714286,71,39,67571,5.381066667,119804773,g,Sports,postlaunch
g1,10159,232,15469,53529,79389,19586,43293,16510,64.42857143,63,40,85117,5.624133333,106938003,g,Sports,postlaunch
g1,12578,67,19607,56016,88268,20418,48585,19265,60.85714286,57,41,91144,5.233366667,102341931,g,Sports,postlaunch
g1,11310,71,13919,46489,71789,18210,38173,15406,65.14285714,66,42,97823,4.762866667,91378009,g,Sports,postlaunch
g1,11813,67,12906,49903,74689,17927,41146,15616,63.57142857,60,43,107674,4.152733333,88270557,g,Sports,postlaunch
g1,12320,430,15414,50698,78862,19366,44011,15485,66.14285714,69,44,101658,3.916733333,87948321,g,Sports,postlaunch
g1,13753,375,15252,49505,78885,19412,42905,16568,64.28571429,62,45,69533,3.856533333,82521000,g,Sports,postlaunch
g1,9568,30,14685,39586,63869,16414,35017,12438,67.28571429,63,46,63717,3.370433333,72299779,g,Sports,postlaunch
g1,6814,33,9454,27152,43453,10131,24934,8388,64.28571429,61,47,76594,3.2274,63585684,g,Sports,postlaunch
g1,5823,102,9018,21605,36548,8402,20990,7156,63.42857143,60,48,46936,2.889666667,59079527,g,Sports,postlaunch
g1,4861,31,9479,15315,29686,7068,17618,5000,68.28571429,74,49,35921,3.008933333,55122532,g,Sports,postlaunch
g1,4622,428,41939,12276,59265,6496,47821,4948,62.42857143,64,50,31900,3.323766667,50431606,g,Sports,postlaunch
g1,4075,263,14776,8373,27487,4854,18433,4200,60,54,51,22297,3.773733333,43313520,g,Sports,postlaunch
g1,4098,257,9620,5092,19067,4063,10912,4092,58.14285714,62,52,11654,4.107066667,35029806,g,Sports,postlaunch
g1,5440,113,7260,6921,19734,4512,9078,6144,47,47,53,19783,2.7955,28610182,g,Sports,postlaunch
g1,3505,9,5849,4499,13862,2853,7324,3685,48.85714286,51,54,11104,2.167866667,28278408,g,Sports,postlaunch
g1,3192,3,4877,4224,12296,2634,5916,3746,46.14285714,58,55,10132,1.8521,26978173,g,Sports,postlaunch
g1,2536,1,5373,3777,11687,2604,6206,2877,55.57142857,42,56,8694,1.857866667,25500417,g,Sports,postlaunch
g1,1964,3,3191,3751,8909,1685,5555,1669,56.85714286,65,57,13323,1.734733333,25804105,g,Sports,postlaunch
g1,2110,130,3241,3247,8728,2434,4612,1682,67.14285714,69,58,17787,1.5531,26199281,g,Sports,postlaunch
g1,2191,4,2344,2983,7522,1382,4555,1585,53.42857143,47,59,11550,1.5466,25914961,g,Sports,postlaunch
g1,2318,1,2761,3456,8536,2057,4694,1785,63,64,60,14412,1.490966667,24840733,g,Sports,postlaunch
g1,1873,4,2945,2466,7288,1480,4313,1495,57.71428571,47,61,19324,1.937466667,26715383,g,Sports,postlaunch
g1,1996,1,2008,2688,6693,1322,4190,1181,60.57142857,60,62,12740,1.629166667,25868683,g,Sports,postlaunch
g1,2186,1,3055,2582,7824,1276,5445,1103,59.71428571,53,63,18709,1.5369,25579317,g,Sports,postlaunch
g1,2184,0,2105,2748,7037,1521,4408,1108,66.28571429,76,64,19156,1.578066667,27442591,g,Sports,postlaunch
g1,1679,0,3105,3117,7901,1404,5210,1287,61,48,65,14803,1.703633333,31925791,g,Sports,postlaunch
g1,2422,3,2142,3124,7691,1660,4620,1411,62.57142857,59,66,10932,1.3123,29989549,g,Sports,postlaunch
g1,1811,2,2062,2903,6778,1402,3970,1406,57.42857143,60,67,13347,0.976733333,29817628,g,Sports,postlaunch
g1,1881,1,1898,3456,7236,1699,4089,1448,63.71428571,60,68,9580,0.898033333,27538004,g,Sports,postlaunch
g1,1616,1,2297,5153,9067,2088,4828,2151,56.28571429,57,69,8753,0.862333333,24879409,g,Sports,postlaunch
g1,1658,0,2480,4312,8450,1656,5047,1747,56,56,70,8052,0.829333333,25540669,g,Sports,postlaunch
g1,1488,0,1415,4783,7686,2031,4137,1518,67,80,71,6065,0.7645,23728977,g,Sports,postlaunch
g1,2266,0,1392,3646,7304,1690,3892,1722,57.42857143,63,72,6173,0.8111,25191217,g,Sports,postlaunch
g1,1926,1,994,4542,7463,1848,4181,1434,66.85714286,59,73,7101,0.8325,23547825,g,Sports,postlaunch
g1,1865,104,1465,4697,8131,2060,4482,1589,66.57142857,72,74,5856,0.763,25914069,g,Sports,postlaunch
g1,1417,4,1614,5588,8623,2133,4874,1616,67.85714286,72,75,4722,0.717366667,26564374,g,Sports,postlaunch
g1,1750,0,3295,6452,11497,2937,6315,2245,69.85714286,66,76,7888,0.796333333,24386283,g,Sports,postlaunch
g1,2702,0,4889,5972,13563,3262,7636,2665,65.14285714,71,77,10859,1.336466667,27242147,g,Sports,postlaunch
g1,3462,4,2718,7907,14091,3650,8045,2396,71.42857143,71,78,10685,1.511533333,29396057,g,Sports,postlaunch
g1,3718,1,1867,9090,14676,3759,8478,2439,71.14285714,67,79,9692,1.436566667,26937604,g,Sports,postlaunch
g1,3398,0,1648,13313,18359,5066,10364,2929,75.14285714,75,80,6312,1.1399,25944052,g,Sports,postlaunch
g1,3288,17,2030,10334,15669,4274,8372,3023,70.71428571,71,81,5744,1.1552,24087029,g,Sports,postlaunch
g1,3624,1,2120,10994,16739,4695,8929,3115,72.14285714,67,82,5345,0.9811,23831606,g,Sports,postlaunch
g1,3382,0,2139,11637,17158,5074,9053,3031,75.85714286,71,83,5497,1.0044,21771330,g,Sports,postlaunch
g1,2891,3,1735,10779,15408,4337,8234,2837,72.85714286,79,84,5075,0.858433333,18143544,g,Sports,postlaunch
g1,2992,1,1666,5177,9836,2494,5682,1660,70.28571429,66,85,5371,0.868266667,18086345,g,Sports,postlaunch
g1,2967,1,3014,6925,12907,3144,7750,2013,70.85714286,67,86,4752,0.790933333,18495028,g,Sports,postlaunch
g1,2353,1,1489,4037,7880,2112,4425,1343,72.85714286,66,87,4485,0.7159,17129354,g,Sports,postlaunch
g1,2367,0,1793,3534,7694,1827,4671,1196,70.28571429,69,88,3923,0.7005,17206480,g,Sports,postlaunch
g1,2453,21,1913,4055,8442,2237,4659,1546,70.71428571,68,89,2980,0.7232,15922726,g,Sports,postlaunch
g1,2057,3,3348,2836,8244,3069,4126,1049,76.71428571,74,90,3350,0.7078,15807917,g,Sports,postlaunch
g1,2033,2,880,2064,4979,1143,3042,794,67.57142857,76,91,3243,0.628,15062572,g,Sports,postlaunch
g1,2087,12,2277,2029,6405,1472,3965,968,66.14285714,58,92,4902,NA,13449530,g,Sports,postlaunch
g1,1635,2,1221,1656,4514,984,2899,631,68,58,93,4063,0.5847,13370761,g,Sports,postlaunch
g1,2112,3,839,1623,4577,1007,2765,805,64.14285714,65,94,8136,0.570733333,13794324,g,Sports,postlaunch
g1,2119,3,1056,2451,5629,1206,3499,924,65.14285714,63,95,9374,0.799333333,16306308,g,Sports,postlaunch
g1,1879,9,914,2456,5258,1189,3254,815,68,60,96,5699,0.621233333,17725250,g,Sports,postlaunch
g1,1639,1,1044,2822,5506,1281,3261,964,66.28571429,63,97,5023,0.5446,15598895,g,Sports,postlaunch
g1,1756,2,1147,2811,5716,1473,3277,966,71.14285714,73,98,3391,0.5285,15401434,g,Sports,postlaunch
g1,1262,1,1108,2577,4948,1372,2739,837,72.85714286,71,99,2873,0.539466667,14180655,g,Sports,postlaunch
g1,1164,0,925,2739,4828,1172,2995,661,72.71428571,81,100,3003,0.559233333,14521329,g,Sports,postlaunch
g1,1320,0,920,2438,4678,1202,2806,670,74.14285714,76,101,2357,0.509833333,11326480,g,Sports,postlaunch
g1,1207,1,1243,2453,4904,1212,2957,734,72.14285714,73,102,2228,0.474766667,9414086,g,Sports,postlaunch
g1,992,1,1001,2336,4330,1008,2733,586,71.14285714,70,103,4109,0.4626,8733881,g,Sports,postlaunch
g1,887,28,833,1714,3462,780,2166,515,68.71428571,76,104,2339,0.495933333,9366071,g,Sports,postlaunch
g1,1103,17,1193,1820,4133,1014,2415,700,69.57142857,74,105,2279,0.5697,11593994,g,Sports,postlaunch
g2,3154,211,63440,10397,77202,11937,53970,11295,57,57,-16,6495,12.832,43145210,g,Sports,prelaunch
g2,5302,118,29813,18037,53270,12995,29809,10466,68.28571429,82,-15,83800,12.67296667,48441861,g,Sports,prelaunch
g2,3621,10,11358,11073,26062,9892,10933,5237,76.14285714,95,-14,50111,6.9739,20695136,g,Sports,prelaunch
g2,2686,13,7290,8025,18014,4258,9831,3925,61.42857143,67,-13,44628,5.9184,17136263,g,Sports,prelaunch
g2,3373,5,11147,11825,26350,5956,15552,4842,64,59,-12,52327,7.262333333,19172757,g,Sports,prelaunch
g2,2505,6,12145,8842,23498,5002,14551,3945,63.85714286,62,-11,51953,8.4599,20264611,g,Sports,prelaunch
g2,6632,128,57740,25028,89528,20881,51217,17430,65.71428571,81,-10,45588,12.09926667,43491992,g,Sports,prelaunch
g2,4677,88,126687,16039,147491,19538,114214,13739,61.28571429,60,-9,57633,13.3358,38064118,g,Sports,prelaunch
g2,5605,449,60797,19128,85979,19399,55056,11524,72.28571429,65,-8,142040,18.4358,32563098,g,Sports,prelaunch
g2,12479,295,104901,33247,150922,38682,86956,25284,67.57142857,60,-7,173167,25.57796667,53688092,g,Sports,prelaunch
g2,8087,103,55736,23645,87571,22450,51365,13756,72.42857143,82,-6,90895,23.85623333,43013453,g,Sports,prelaunch
g2,7233,95,58397,36178,101903,26513,59804,15586,72.57142857,79,-5,109810,25.77016667,61393457,g,Sports,prelaunch
g2,5012,96,47961,28529,81598,19170,50695,11733,71.14285714,86,-4,164843,25.83853333,57981477,g,Sports,prelaunch
g2,8552,42,104707,30041,143342,31350,94604,17388,71.57142857,66,-3,270403,44.91176667,73227230,g,Sports,prelaunch
g2,17330,290,220093,51218,288931,63039,195653,30239,73.71428571,70,-2,394205,76.8742,170110694,g,Sports,prelaunch
g2,14770,769,220517,73424,309480,66354,204595,38531,70.28571429,73,-1,717996,82.2864,171602647,g,Sports,prelaunch
g2,17226,604,345707,102772,466309,102351,299461,64497,69.14285714,75,0,7743667,129.5901333,296952841,g,Sports,launch
g2,25294,290,166390,98913,290887,70575,163888,56424,65.28571429,66,1,1677426,54.7522,246912372,g,Sports,postlaunch
g2,27854,161,114953,81281,224249,45716,131299,47234,56.57142857,52,2,735201,29.3257,221742420,g,Sports,postlaunch
g2,26740,192,122848,80294,230074,49270,135269,45535,60.71428571,61,3,446971,23.11226667,187942121,g,Sports,postlaunch
g2,22213,166,72572,94303,189254,45937,102599,40718,62,56,4,333289,18.96653333,169606981,g,Sports,postlaunch
g2,23226,30,68294,87714,179264,42347,95956,40961,60.14285714,53,5,313508,17.01076667,160490966,g,Sports,postlaunch
g2,23897,285,78391,67658,170231,36757,99632,33842,60.28571429,58,6,271628,16.0091,154046737,g,Sports,postlaunch
g2,24455,39,62060,59708,146262,31200,83172,31890,57.28571429,54,7,274625,15.97553333,147645122,g,Sports,postlaunch
g2,23889,57,121555,51143,196644,38650,128535,29459,63.71428571,68,8,407323,17.44993333,160970026,g,Sports,postlaunch
g2,22775,84,101392,62056,186307,32913,122517,30877,58.42857143,64,9,1528726,30.45426667,168429047,g,Sports,postlaunch
g2,23130,1036,70931,66633,161730,32737,97513,31480,58.85714286,62,10,652066,21.24953333,148751053,g,Sports,postlaunch
g2,20974,66,77253,53715,152008,47197,78632,26179,71.14285714,96,11,467763,18.69086667,149741105,g,Sports,postlaunch
g2,20341,33,77090,44696,142160,39034,77717,25409,68.85714286,72,12,740998,17.71363333,154588078,g,Sports,postlaunch
g2,18338,8,50151,64664,133161,29915,77351,25895,62.71428571,63,13,854965,18.17293333,144170511,g,Sports,postlaunch
g2,20417,41,96007,86235,202700,38037,129034,35629,59.57142857,59,14,495941,12.4034,160137736,g,Sports,postlaunch
g2,20842,63,131641,79887,232433,65611,133077,33745,74.71428571,78,15,226539,10.58573333,191480014,g,Sports,postlaunch
g2,19262,42,62977,58772,141053,28967,87813,24273,62.85714286,69,16,123692,9.974533333,145962506,g,Sports,postlaunch
g2,17945,81,50989,73602,142617,33974,79989,28654,64.14285714,65,17,116286,9.414766667,141427985,g,Sports,postlaunch
g2,16901,27,55773,65388,138089,29108,83224,25757,61.71428571,68,18,142843,9.074533333,134932342,g,Sports,postlaunch
g2,15735,25,54893,64641,135294,32042,80229,23023,68,76,19,152875,8.553433333,133118850,g,Sports,postlaunch
g2,18174,42,50702,61452,130370,28851,75347,26172,61.14285714,62,20,167815,9.410533333,141482034,g,Sports,postlaunch
g2,16431,79,37966,65406,119882,31179,66330,22373,68.71428571,66,21,176120,9.5637,149531129,g,Sports,postlaunch
g2,16899,1164,45336,56391,119790,29541,68281,21968,67.71428571,70,22,155487,9.048466667,142753406,g,Sports,postlaunch
g2,16236,284,55962,55467,127949,27207,77310,23432,63,64,23,179117,9.2713,140584390,g,Sports,postlaunch
g2,13534,46,39994,55629,109203,24279,58565,26359,58.14285714,68,24,211967,8.734,140617102,g,Sports,postlaunch
g2,14039,104,62554,78966,155663,35359,94458,25846,66.85714286,60,25,281267,15.47183333,161267303,g,Sports,postlaunch
g2,14760,161,57803,72987,145711,38003,83913,23795,72.28571429,69,26,247755,17.60973333,172471436,g,Sports,postlaunch
g2,16619,23,58690,109088,184420,50613,103290,30517,74.28571429,77,27,535542,14.87783333,170665183,g,Sports,postlaunch
g2,18203,22,44668,110402,173295,48481,94001,30813,73.85714286,71,28,528229,11.3887,177750613,g,Sports,postlaunch
g2,18795,45,63290,98060,180190,45326,102412,32452,69.71428571,73,29,337654,12.32096667,166005529,g,Sports,postlaunch
g2,16414,66,178677,96740,291897,47345,216465,28087,66.85714286,70,30,159523,9.956533333,166795267,g,Sports,postlaunch
g2,17803,37,64529,111656,194025,52556,109869,31600,73.57142857,70,31,334118,10.0455,172138375,g,Sports,postlaunch
g2,20949,50,51730,98943,171672,45680,96802,29178,72.57142857,66,32,304125,8.679,176508703,g,Sports,postlaunch
g2,20276,33,50050,78418,148777,37217,85735,25825,69.85714286,71,33,166669,7.980733333,164482000,g,Sports,postlaunch
g2,18821,9,41072,103029,162931,43644,91032,28255,71.71428571,76,34,181968,6.7913,153339521,g,Sports,postlaunch
g2,16741,19,48390,75699,140849,39423,78820,22606,75.28571429,71,35,155821,6.1104,147547807,g,Sports,postlaunch
g2,17050,47,63036,81871,162004,44151,93977,23876,74.28571429,73,36,458141,6.113333333,138107271,g,Sports,postlaunch
g2,17865,209,48759,73447,140280,36998,73444,29838,67.14285714,67,37,503388,7.012366667,124308002,g,Sports,postlaunch
g2,14509,100,44898,66083,125590,30904,72547,22139,68.71428571,64,38,277867,6.171833333,112190816,g,Sports,postlaunch
g2,11241,64,25290,58341,94936,23389,55678,15869,69.85714286,69,39,85019,4.792033333,109218436,g,Sports,postlaunch
g2,10870,17,28849,52203,91939,23993,53439,14507,73.14285714,72,40,92444,NA,105671470,g,Sports,postlaunch
g2,10031,20,24171,51738,85960,21574,50630,13756,71.57142857,77,41,102184,5.0868,100379368,g,Sports,postlaunch
g2,9922,13,24263,50789,84987,22233,50253,12486,73.42857143,70,42,77715,4.865666667,91647556,g,Sports,postlaunch
g2,10473,85,26282,58450,95290,24525,55698,15067,72.85714286,74,43,119357,5.3428,88696277,g,Sports,postlaunch
g2,8406,26,25181,47804,81417,20914,47700,12803,72.71428571,72,44,122914,4.757666667,87641173,g,Sports,postlaunch
g2,7631,154,18319,49934,76038,22200,41181,12657,76.57142857,79,45,102189,3.7795,81970931,g,Sports,postlaunch
g2,8398,36,19444,35927,63805,17213,35559,11033,72.85714286,70,46,74690,3.9118,75026684,g,Sports,postlaunch
g2,7718,20,16303,39957,63998,17034,36729,10235,74,77,47,72623,4.2822,74882903,g,Sports,postlaunch
g2,5326,39,16146,38765,60276,15937,34718,9621,73.71428571,75,48,56066,4.166133333,71717437,g,Sports,postlaunch
g2,6389,8,75829,32353,114579,23616,81399,9564,72.85714286,74,49,396017,4.075133333,64347240,g,Sports,postlaunch
g2,5333,198,17028,22895,45454,11694,27208,6552,74,71,50,410241,3.971966667,59356357,g,Sports,postlaunch
g2,4087,22,13491,14641,32241,8343,19640,4257,75.85714286,73,51,180113,3.633933333,56086451,g,Sports,postlaunch
g2,3759,26,20054,10823,34662,13127,17684,3846,82.28571429,98,52,14901,3.570433333,57941425,g,Sports,postlaunch
g2,4726,18,16636,8376,29756,7649,17485,4619,72.28571429,79,53,13074,4.562733333,47142377,g,Sports,postlaunch
g3,7096,429,69465,8132,85122,21224,50239,13659,66.71428571,54,-16,25565,11.47966667,44695476,g,Sports,prelaunch
g3,2857,207,18802,3096,24962,7498,14236,3228,76.71428571,80,-15,29429,6.087033333,24974612,g,Sports,prelaunch
g3,2303,11,15957,1455,19726,3065,14644,2017,63.42857143,60,-14,25277,NA,24943286,g,Sports,prelaunch
g3,2686,58,19335,1760,23839,2979,18606,2254,59.71428571,58,-13,24742,5.064966667,21526934,g,Sports,prelaunch
g3,2930,12,13761,2810,19513,3267,14429,1816,66.42857143,64,-12,25104,5.187933333,20836590,g,Sports,prelaunch
g3,8225,282,146101,31413,186021,63100,100696,22225,76.14285714,77,-11,38239,15.80466667,49924032,g,Sports,prelaunch
g3,5583,63,90066,22543,118255,24434,84553,9268,74,71,-10,59542,9.771033333,33046994,g,Sports,prelaunch
g3,5713,394,88829,38922,133858,30864,88490,14504,73.42857143,76,-9,87584,11.46993333,50223036,g,Sports,prelaunch
g3,12408,146,148326,56183,217063,43935,146743,26385,68.28571429,64,-8,238814,19.25666667,51260154,g,Sports,prelaunch
g3,4972,197,71369,29643,106181,18646,78731,8804,70.14285714,71,-7,55588,13.91486667,32662562,g,Sports,prelaunch
g3,4523,18,52036,27086,83663,19296,57459,6908,76.42857143,73,-6,63691,15.65663333,27400517,g,Sports,prelaunch
g3,3625,14,45285,33153,82077,19100,55057,7920,76.28571429,86,-5,83985,20.10286667,35061285,g,Sports,prelaunch
g3,7426,108,147211,60820,215565,44745,142428,28391,71.14285714,67,-4,125684,42.5287,47524328,g,Sports,prelaunch
g3,6511,81,88680,53805,149077,36582,96278,16216,76,74,-3,169557,36.3844,76016767,g,Sports,prelaunch
g3,7427,260,109525,45435,162647,34359,111231,17051,72.42857143,80,-2,256463,40.06906667,74254347,g,Sports,prelaunch
g3,25595,390,309467,118530,453982,87500,324371,42091,71.28571429,75,-1,966461,79.5779,208058583,g,Sports,prelaunch
p1,118,1,10,1417,1546,432,633,481,54.5,52,-11,7932,5.1555,1567715,p,Sports,prelaunch
p1,166,1,1044,4522,5733,1461,2672,1600,53,47,-10,14868,4.332866667,1277306,p,Sports,prelaunch
p1,1406,53,21384,7321,30164,6968,17960,5236,49.71428571,47,-9,14068,5.334566667,1715207,p,Sports,prelaunch
p1,1428,91,9961,12393,23873,6303,10670,6900,56.42857143,66,-8,16746,5.954933333,3136474,p,Sports,prelaunch
p1,1556,27,43310,24779,69672,10883,42348,16441,43.14285714,40,-7,13428,7.436266667,4439797,p,Sports,prelaunch
p1,1050,17,21780,12659,35506,5654,22415,7437,49,45,-6,13041,4.9178,2410101,p,Sports,prelaunch
p1,901,18,15573,9290,25782,3987,16609,5186,50,40,-5,17175,6.147466667,3270236,p,Sports,prelaunch
p1,1425,6,12885,12475,26791,6130,14100,6561,55,45,-4,22447,7.8542,2966207,p,Sports,prelaunch
p1,1010,142,34266,14177,49595,9980,32646,6969,62.85714286,57,-3,36082,10.01593333,6483314,p,Sports,prelaunch
p1,1723,77,28437,29019,59256,18896,28983,11377,71,51,-2,64288,11.6653,5961608,p,Sports,prelaunch
p1,4365,840,286017,66962,358184,65148,261579,31457,69.42857143,64,-1,140546,25.72226667,24327144,p,Sports,prelaunch
p1,5124,183,453066,78109,536482,105046,390141,41295,74.28571429,75,0,1293752,37.58943333,32568963,p,Sports,launch
p1,4784,140,69769,82635,157328,36495,90629,30204,64,55,1,448747,15.6446,26117240,p,Sports,postlaunch
p1,4156,140,38233,55405,97934,22047,55752,20135,60.85714286,60,2,206185,8.734866667,16892363,p,Sports,postlaunch
p1,4911,2520,48134,53267,108832,19441,64267,25124,55.71428571,38,3,150367,9.036266667,18490431,p,Sports,postlaunch
p1,2431,90,19879,36146,58546,13204,35142,10200,65.71428571,62,4,140658,5.966433333,10472464,p,Sports,postlaunch
p1,2762,26,28895,33679,65362,12623,42046,10693,62.42857143,63,5,123535,5.977466667,10424618,p,Sports,postlaunch
p1,2443,78,30549,32522,65592,13386,42022,10184,63.71428571,59,6,85301,4.7674,19111223,p,Sports,postlaunch
p1,1266,13,22978,26463,50720,10843,30985,8892,63.42857143,71,7,99106,4.426533333,11224126,p,Sports,postlaunch
p1,1702,35,37978,31800,71515,12150,48046,11319,58.71428571,63,8,59005,4.459066667,10062346,p,Sports,postlaunch
p1,1917,38,26883,33541,62379,12003,40975,9401,63.42857143,72,9,84633,3.5554,9898725,p,Sports,postlaunch
p1,2125,14,25581,45444,73164,15747,45043,12374,64.85714286,68,10,59537,3.6477,10531560,p,Sports,postlaunch
p1,1735,52,30966,38179,70932,13793,46494,10645,64.57142857,70,11,42516,3.0331,9806164,p,Sports,postlaunch
p1,1156,9,25801,32998,59964,11965,39490,8509,65.28571429,67,12,65078,3.1561,10442474,p,Sports,postlaunch
p1,1440,10,22633,36999,61082,13996,37641,9445,68.85714286,73,13,65567,3.462166667,9511097,p,Sports,postlaunch
p1,1589,12,26077,45258,72936,15399,46661,10876,66.85714286,69,14,77184,4.2295,12403472,p,Sports,postlaunch
p1,1418,17,14196,44196,59827,14622,34147,11058,67,66,15,705939,8.257966667,10271348,p,Sports,postlaunch
p1,1544,13,14226,38046,53829,13155,31175,9499,68.28571429,69,16,215863,6.0817,9001111,p,Sports,postlaunch
p1,1728,344,53595,46162,101829,16308,72964,12557,63.42857143,52,17,117979,5.116466667,9787002,p,Sports,postlaunch
p1,1211,11,32477,40629,74328,14633,49097,10598,65.71428571,57,18,167659,5.300233333,10430624,p,Sports,postlaunch
p1,1198,6,26064,36987,64255,13875,40930,9450,68.57142857,68,19,298009,5.541933333,10375729,p,Sports,postlaunch
p1,1141,7,30869,44342,76359,20625,45032,10702,75.28571429,70,20,293892,5.628066667,11363606,p,Sports,postlaunch
p1,1121,18,13761,52044,66944,18180,37047,11717,72.71428571,70,21,115594,3.6393,10850763,p,Sports,postlaunch
p1,1034,181,23403,44661,69279,14867,43181,11231,65.57142857,73,22,37369,2.830266667,10695623,p,Sports,postlaunch
p1,1369,8,11525,51206,64108,16993,34227,12888,68.42857143,69,23,50384,2.700533333,10947203,p,Sports,postlaunch
p1,1189,16,21844,35075,58124,12001,36462,9661,63.85714286,67,24,80802,3.0391,10151881,p,Sports,postlaunch
p1,1063,124,16910,46396,64493,13982,39315,11196,64.14285714,62,25,73578,2.6804,13010032,p,Sports,postlaunch
p1,1204,4,41501,40971,83680,13063,60115,10502,62,61,26,44981,2.882966667,11749093,p,Sports,postlaunch
p1,1045,24,7998,39231,48298,12076,27403,8819,68.42857143,67,27,29460,1.883133333,10116744,p,Sports,postlaunch
p1,710,7,8486,42612,51815,12419,30094,9302,67.42857143,62,28,59218,1.5224,9250753,p,Sports,postlaunch
p1,680,5,19009,30992,50686,12439,29886,8361,68.14285714,69,29,56887,1.4949,8601662,p,Sports,postlaunch
p1,852,4,9389,32133,42378,11049,23256,8073,69.28571429,73,30,37833,1.427,7719298,p,Sports,postlaunch
p1,768,5,17440,32335,50548,16595,25328,8625,71.71428571,74,31,59607,1.794633333,8568746,p,Sports,postlaunch
p1,629,1,6100,28388,35118,9079,19497,6542,69,64,32,39509,1.151633333,7336791,p,Sports,postlaunch
p1,853,0,7226,30226,38305,9732,21584,6989,69.71428571,65,33,15530,0.988766667,6502521,p,Sports,postlaunch
p1,637,3,17473,23524,41637,7624,27520,6493,61.28571429,65,34,9077,0.909566667,5922548,p,Sports,postlaunch
p1,515,4,6653,20847,28019,6906,16015,5098,68.14285714,65,35,19003,0.805033333,5096881,p,Sports,postlaunch
p1,506,1,6456,21998,28961,7623,15563,5775,68.42857143,70,36,44164,0.9478,5261322,p,Sports,postlaunch
p1,634,18,7287,23096,31035,7746,17484,5805,67.85714286,59,37,50808,1.212333333,4954422,p,Sports,postlaunch
p1,612,19,4841,17987,23459,5884,13049,4526,66.85714286,65,38,22520,0.855833333,5301434,p,Sports,postlaunch
p1,635,45,5325,19493,25498,6478,14228,4792,68.71428571,62,39,9666,0.7702,4543192,p,Sports,postlaunch
p1,549,1,6013,16446,23009,5690,13295,4024,69.28571429,72,40,8476,0.6373,4330550,p,Sports,postlaunch
p1,484,1,7138,16144,23767,5762,13787,4218,67.85714286,71,41,7184,0.784233333,4463126,p,Sports,postlaunch
p1,651,1,6553,17064,24269,6429,13920,3920,73.28571429,77,42,12002,0.6807,4306508,p,Sports,postlaunch
p1,614,2,7163,15075,22854,5548,13665,3641,71.14285714,72,43,20438,0.678266667,4258064,p,Sports,postlaunch
p1,845,0,6590,11492,18927,4265,10931,3731,62.57142857,61,44,35303,0.7279,3627411,p,Sports,postlaunch
p1,537,0,4257,14079,18873,5054,10287,3532,70.42857143,70,45,16825,0.6278,3958473,p,Sports,postlaunch
p1,845,1,2877,13142,16865,4589,9339,2937,72.42857143,81,46,5562,0.661966667,3709321,p,Sports,postlaunch
p1,647,2,4350,11168,16167,3819,9573,2775,67.57142857,69,47,5876,0.678566667,3429925,p,Sports,postlaunch
p1,717,0,3264,10827,14808,4324,7753,2731,73,75,48,10054,0.655933333,3511321,p,Sports,postlaunch
p1,641,1,3206,7446,11294,2842,6714,1738,72.14285714,70,49,9461,0.796866667,3100582,p,Sports,postlaunch
p1,1736,7,3456,7144,12343,2977,7053,2313,65.42857143,72,50,4340,0.832633333,3023623,p,Sports,postlaunch
p1,2012,72,2648,3426,8158,1927,4381,1850,60.14285714,63,51,3292,1.068,2562882,p,Sports,postlaunch
p1,1167,6,1550,3296,6019,1454,3173,1392,60.28571429,62,52,2874,0.788566667,2452726,p,Sports,postlaunch
p1,918,0,1071,2565,4554,1019,2420,1115,54.71428571,56,53,2889,0.991833333,2698369,p,Sports,postlaunch
p1,883,1,757,2137,3778,794,2058,926,52.42857143,54,54,3629,0.5969,2827618,p,Sports,postlaunch
p1,851,0,623,1851,3325,697,1824,804,53,58,55,3585,0.582866667,2872804,p,Sports,postlaunch
p1,1503,4,961,2106,4574,973,2378,1223,52.42857143,57,56,3986,0.776533333,2966326,p,Sports,postlaunch
p1,1039,7,553,1806,3405,812,1733,860,56.71428571,50,57,4178,0.7739,3321057,p,Sports,postlaunch
p1,736,0,595,2156,3487,832,1956,699,64.14285714,70,58,4883,0.817,3768697,p,Sports,postlaunch
p1,645,2,722,2363,3732,877,2078,777,62.57142857,56,59,4723,1.264566667,3904282,p,Sports,postlaunch
p1,435,1,554,2488,3478,862,1994,622,68.28571429,62,60,5462,0.680533333,4163439,p,Sports,postlaunch
p1,346,1,541,2498,3386,827,1966,593,68.28571429,70,61,4608,0.6905,4385568,p,Sports,postlaunch
p1,389,40,2638,2806,5873,862,4299,712,61.71428571,52,62,5567,0.813566667,4131213,p,Sports,postlaunch
p1,279,2,422,2507,3210,712,1988,510,67,71,63,3478,0.530833333,3943500,p,Sports,postlaunch
p1,234,0,394,2261,2889,637,1782,470,65.71428571,65,64,4246,0.5021,3701165,p,Sports,postlaunch
p1,248,1,419,2379,3047,630,1986,431,66.85714286,71,65,9433,0.546133333,3853825,p,Sports,postlaunch
p1,287,3,398,2169,2857,574,1922,361,67.42857143,65,66,4363,0.5394,3655038,p,Sports,postlaunch
p1,223,9,397,1998,2627,479,1867,281,66.85714286,65,67,3519,0.5242,3428006,p,Sports,postlaunch
p1,274,1,421,2440,3136,639,2065,432,66.85714286,69,68,10213,0.782733333,3618418,p,Sports,postlaunch
p1,330,1,302,1756,2389,519,1535,335,68.42857143,68,69,5530,0.6338,3295035,p,Sports,postlaunch
p1,344,0,350,1482,2176,434,1403,339,63.42857143,64,70,7343,0.546833333,2967702,p,Sports,postlaunch
p1,352,0,327,1291,1970,401,1282,287,65.42857143,62,71,5157,0.528066667,2680145,p,Sports,postlaunch
p1,212,0,356,1784,2352,458,1563,331,65.14285714,69,72,6703,0.703066667,2658873,p,Sports,postlaunch
p1,277,0,376,1650,2303,523,1453,327,69.57142857,79,73,3492,0.478666667,2493553,p,Sports,postlaunch
p1,152,1,328,1624,2105,557,1270,278,76,78,74,3876,0.4053,2112253,p,Sports,postlaunch
p1,196,1,281,1793,2271,627,1273,371,74.57142857,71,75,3194,0.4221,1981945,p,Sports,postlaunch
p1,360,0,244,1731,2335,611,1262,462,68.85714286,75,76,2501,0.534933333,1874441,p,Sports,postlaunch
p1,206,0,199,1500,1905,476,1074,355,68.57142857,70,77,1731,0.336533333,1746887,p,Sports,postlaunch
p1,210,1,229,2563,3003,775,1263,965,51,40,78,1876,0.560166667,1593505,p,Sports,postlaunch
p1,128,0,158,1748,2034,534,997,503,61.57142857,60,79,2036,0.437533333,1582923,p,Sports,postlaunch
p1,226,0,124,1477,1827,493,991,343,70.57142857,68,80,1630,0.299233333,1422383,p,Sports,postlaunch
p1,198,0,97,1464,1759,503,958,297,74.85714286,58,81,1490,0.188933333,1085244,p,Sports,postlaunch
p1,141,0,145,1043,1329,355,751,223,72.14285714,82,82,1484,0.1708,911684,p,Sports,postlaunch
p1,155,3,166,987,1311,334,777,200,73,77,83,1727,0.172366667,830216,p,Sports,postlaunch
p1,138,0,243,1235,1616,395,1002,219,73.28571429,68,84,2768,0.279333333,1667802,p,Sports,postlaunch
p1,151,0,257,1548,1956,513,1130,313,73.28571429,74,85,3742,0.304566667,1400589,p,Sports,postlaunch
p1,275,0,215,2028,2518,706,1361,451,72.14285714,81,86,3591,0.292766667,980276,p,Sports,postlaunch
p1,198,0,231,1550,1979,465,1232,282,71.14285714,74,87,2699,0.257766667,864722,p,Sports,postlaunch
p1,130,0,212,1229,1571,379,924,268,68.42857143,75,88,2846,0.249333333,774229,p,Sports,postlaunch
p1,118,1,172,1017,1308,282,800,226,64.14285714,57,89,2863,0.309166667,675795,p,Sports,postlaunch
p1,355,0,138,1138,1631,382,935,314,64.42857143,53,90,2136,0.264733333,612563,p,Sports,postlaunch
p1,217,1,231,1704,2153,596,1129,428,71.42857143,72,91,1868,0.234733333,681802,p,Sports,postlaunch
p1,228,0,129,815,1172,268,663,241,61.57142857,73,92,1434,0.215533333,605165,p,Sports,postlaunch
p1,112,0,144,935,1191,279,720,192,68,71,93,1241,0.1901,623565,p,Sports,postlaunch
p1,122,1,250,926,1299,312,697,290,62.42857143,52,94,1193,0.1772,502373,p,Sports,postlaunch
p1,67,51,510,930,1558,427,756,375,64.57142857,46,95,1267,0.140833333,543959,p,Sports,postlaunch
p1,68,0,172,498,738,165,481,92,71.57142857,76,96,1103,0.141466667,493924,p,Sports,postlaunch
p1,291,1,1354,500,2146,342,1414,390,54.28571429,52,97,1437,0.233733333,476226,p,Sports,postlaunch
p1,123,0,204,534,861,169,488,204,52.42857143,59,98,1182,0.157833333,430154,p,Sports,postlaunch
p1,142,0,284,535,961,167,590,204,51.85714286,48,99,1586,NA,403302,p,Sports,postlaunch
p1,122,0,153,518,793,130,546,117,58.71428571,69,100,1242,0.1533,377016,p,Sports,postlaunch
p1,85,0,387,997,1469,230,1019,220,55.57142857,46,101,1608,0.180566667,348444,p,Sports,postlaunch
p1,93,0,137,804,1034,175,706,153,58.14285714,67,102,1383,0.1719,383541,p,Sports,postlaunch
p1,64,0,186,591,841,134,626,81,62.85714286,49,103,1598,0.145333333,345145,p,Sports,postlaunch
p1,55,0,98,412,565,99,408,58,66,64,104,1302,0.136566667,305501,p,Sports,postlaunch
p1,37,2,109,547,695,121,501,73,66.42857143,74,105,988,0.151566667,288903,p,Sports,postlaunch
p1,118,3,167,680,968,211,557,200,59.28571429,53,106,811,0.1722,287430,p,Sports,postlaunch
p1,182,4,231,1205,1622,401,722,499,50.71428571,48,107,688,0.226566667,353687,p,Sports,postlaunch
p1,327,4,597,1050,1978,518,785,675,48,58,108,668,0.281966667,293305,p,Sports,postlaunch
p1,198,97,318,810,1423,294,790,339,54,74,109,674,0.204166667,263120,p,Sports,postlaunch
p1,139,0,126,621,886,206,526,154,64.57142857,37,110,627,0.204833333,263098,p,Sports,postlaunch
p1,151,1,157,446,755,121,488,146,51,69,111,561,0.198066667,319855,p,Sports,postlaunch
p1,77,0,159,452,688,128,427,132,61.71428571,53,112,591,0.184566667,348705,p,Sports,postlaunch
p2,943,154,74368,7168,82633,13723,60752,8158,58.66666667,68,-14,8074,5.8471,13026961,p,Sports,prelaunch
p2,1011,87,9391,9664,20153,4462,10254,5437,51,58,-13,12005,4.380166667,7105744,p,Sports,prelaunch
p2,531,14,6254,4230,11029,2255,6187,2587,54.14285714,62,-12,8688,2.743933333,5172028,p,Sports,prelaunch
p2,318,8,7159,2700,10185,1278,7280,1627,49.28571429,45,-11,8035,2.310733333,2237681,p,Sports,prelaunch
p2,614,6,4786,3411,8817,1865,4810,2142,52.71428571,46,-10,7492,2.5155,1627013,p,Sports,prelaunch
p2,558,4,5266,2384,8212,2125,4666,1421,69,66,-9,9578,2.4679,2579631,p,Sports,prelaunch
p2,890,77,20265,7348,28580,5133,18416,5031,52.14285714,63,-8,10435,3.301533333,2265948,p,Sports,prelaunch
p2,2584,22,125114,16181,143901,16691,102664,24546,47.42857143,52,-7,13870,5.864,11360348,p,Sports,prelaunch
p2,1400,9,11375,12698,25482,5193,12684,7605,44.14285714,47,-6,13713,4.439066667,4941765,p,Sports,prelaunch
p2,759,14,6278,8332,15383,3241,8132,4010,50.42857143,46,-5,13059,3.811566667,3486757,p,Sports,prelaunch
p2,2065,14,17242,8686,28007,6283,16456,5268,57.57142857,78,-4,22147,6.749733333,4896391,p,Sports,prelaunch
p2,1643,21,21668,8629,31961,5617,21152,5192,58.28571429,55,-3,28815,8.561333333,3431292,p,Sports,prelaunch
p2,5171,54,95723,20329,121277,29477,70575,21225,62.85714286,71,-2,53826,22.0824,24851905,p,Sports,prelaunch
p2,7588,238,351186,69242,428254,85760,303039,39455,68.42857143,70,-1,156462,29.54606667,32226215,p,Sports,prelaunch
p2,9493,456,349897,71080,430926,66042,324695,40189,64.14285714,70,0,1323239,45.4576,39483596,p,Sports,launch
p2,6775,219,89755,67827,164576,34077,102275,28224,62.85714286,63,1,460761,18.91233333,30483386,p,Sports,postlaunch
p2,5166,156,40724,60974,107020,26839,56406,23775,63.28571429,64,2,245500,11.2841,22894476,p,Sports,postlaunch
p2,4747,60,57110,52008,113925,22170,71318,20437,60.42857143,62,3,172791,8.863633333,26378171,p,Sports,postlaunch
p2,3631,91,31451,45569,80742,18816,45078,16848,62.14285714,61,4,140490,6.8216,20754079,p,Sports,postlaunch
p2,4551,69,69124,41396,115140,21158,74231,19751,58.85714286,68,5,139579,9.0457,29513534,p,Sports,postlaunch
p2,3727,107,42091,34709,80634,14199,51281,15154,55.71428571,48,6,129472,8.3296,22949718,p,Sports,postlaunch
p2,3005,21,24810,33947,61783,12639,35570,13574,56.14285714,56,7,112563,6.662166667,18281649,p,Sports,postlaunch
p2,2505,20,35951,30625,69101,13047,43210,12844,57.28571429,60,8,108242,6.7031,22846472,p,Sports,postlaunch
p2,2600,10,19964,43472,66046,15190,38077,12779,63.71428571,59,9,100451,6.123766667,18329390,p,Sports,postlaunch
p2,2270,5,20867,42260,65402,14528,37510,13364,60.85714286,60,10,88456,5.557766667,18968210,p,Sports,postlaunch
p2,3344,59,23997,39425,66825,13399,39989,13437,58.14285714,55,11,137280,7.176366667,20516648,p,Sports,postlaunch
p2,2759,60,22939,39778,65536,14068,38803,12665,61.14285714,60,12,78097,5.266866667,18240692,p,Sports,postlaunch
p2,2268,7,14485,49265,66025,14554,39790,11681,64.42857143,63,13,67405,4.9158,21654909,p,Sports,postlaunch
p2,2453,21,24462,42409,69345,13740,42540,13065,59,56,14,74662,5.655866667,18981129,p,Sports,postlaunch
p2,2036,19,21427,40078,63560,14125,37726,11709,63.28571429,61,15,75577,5.556566667,18852500,p,Sports,postlaunch
p2,2206,23,35263,47453,84945,18031,53555,13359,65.85714286,64,16,111894,6.646866667,27246957,p,Sports,postlaunch
p2,2474,59,26900,57324,86757,19208,53338,14211,66.42857143,69,17,839319,13.13496667,28738080,p,Sports,postlaunch
p2,1928,25,18878,63278,84109,19252,51349,13509,67.85714286,65,18,247932,9.720566667,22216455,p,Sports,postlaunch
p2,2138,21,25799,40921,68879,12113,44861,11905,56.28571429,60,19,152823,9.143933333,21486084,p,Sports,postlaunch
p2,2018,17,25718,45266,73019,14427,48004,10588,64.14285714,71,20,271623,8.561666667,25129553,p,Sports,postlaunch
p2,2293,16,24886,64737,91932,20921,57394,13617,69.71428571,69,21,345082,9.283733333,29530267,p,Sports,postlaunch
p2,2325,16,15492,59437,77270,18178,46846,12246,69.42857143,68,22,131520,5.765666667,25582892,p,Sports,postlaunch
p2,2398,16,18506,55412,76332,22335,41745,12252,74.42857143,70,23,50980,4.827166667,24075858,p,Sports,postlaunch
p2,2361,15,13120,52467,67963,18669,36970,12324,72.14285714,78,24,72608,4.658433333,24868702,p,Sports,postlaunch
p2,2424,15,28491,54921,85851,22233,50448,13170,73.71428571,70,25,101892,4.430966667,22212308,p,Sports,postlaunch
p2,2706,104,26983,65823,95616,27945,52576,15095,74.14285714,67,26,85376,3.951433333,24286583,p,Sports,postlaunch
p2,2251,75,25657,69765,97748,26544,56329,14875,75.42857143,81,27,63717,5.764733333,26004399,p,Sports,postlaunch
p2,2233,4,17348,54619,74204,26644,36504,11056,80.71428571,93,28,42498,3.301866667,22596474,p,Sports,postlaunch
p2,2343,12,13097,59671,75123,22721,40488,11914,77.14285714,77,29,34022,3.053633333,20828937,p,Sports,postlaunch
p2,2186,5,10252,50307,62750,18480,34828,9429,78.71428571,77,30,49869,2.411466667,18162304,p,Sports,postlaunch
p2,2457,6,12273,47489,62225,15827,36592,9806,72.28571429,68,31,41995,2.091866667,16976730,p,Sports,postlaunch
p2,1741,40,9812,53411,65004,16279,39871,8854,74.14285714,75,32,34014,2.220466667,14076893,p,Sports,postlaunch
p2,1822,28,16292,49300,67442,17012,41860,8570,75.42857143,78,33,80296,3.8217,18922773,p,Sports,postlaunch
p2,2087,6,20297,54187,76577,19380,46964,10233,75.14285714,74,34,56643,4.2536,21107577,p,Sports,postlaunch
p2,4430,9,29524,69273,103236,28684,60682,13870,78.14285714,79,35,57588,4.1087,21845791,p,Sports,postlaunch
p2,4921,9,26101,79305,110336,28808,66389,15139,75.71428571,75,36,85939,3.8899,18073156,p,Sports,postlaunch
p2,4516,9,20936,67110,92571,26408,52559,13604,77.71428571,77,37,113173,4.0697,18690077,p,Sports,postlaunch
p2,2753,60,29583,74318,106714,28195,64857,13662,76.85714286,78,38,125699,4.000266667,19648098,p,Sports,postlaunch
p2,2847,16,14663,66465,83991,23810,47981,12200,77.71428571,78,39,98039,3.5499,18442233,p,Sports,postlaunch
p2,2260,6,18142,55410,75818,20150,44199,11466,74.85714286,74,40,56657,3.012866667,18551454,p,Sports,postlaunch
p2,2487,2,17363,37161,57013,14131,34667,8215,72.71428571,68,41,61313,2.587933333,17103350,p,Sports,postlaunch
p2,2421,23,13612,42785,58841,16242,33298,9301,75.14285714,73,42,59984,2.285966667,14406649,p,Sports,postlaunch
p2,2677,70,26558,39362,68667,16142,43869,8656,74.71428571,78,43,43593,1.907966667,21393230,p,Sports,postlaunch
p2,1941,311,10245,33637,46134,12301,27335,6498,76,78,44,54702,1.619933333,13287969,p,Sports,postlaunch
p2,2182,3,10500,40436,53121,16347,29728,7046,79.14285714,73,45,63953,1.503966667,10363305,p,Sports,postlaunch
p2,2453,6,32649,33383,68491,15775,42484,10232,72.28571429,75,46,38477,1.742,16816501,p,Sports,postlaunch
p2,1734,3,9123,33659,44519,10729,23798,9992,61.57142857,71,47,26565,1.336666667,10545970,p,Sports,postlaunch
p2,1935,27,24539,27203,53704,10962,35310,7432,67.28571429,68,48,26441,NA,9596869,p,Sports,postlaunch
p2,1547,1,11450,27375,40373,10000,23781,6592,71.14285714,73,49,32275,1.3547,11050225,p,Sports,postlaunch
p2,1192,4,8435,19860,29491,6988,18252,4244,70.57142857,72,50,20786,1.812533333,28881357,p,Sports,postlaunch
p2,1297,2,5827,19039,26165,6502,16214,3449,74.57142857,74,51,48025,1.4203,13698053,p,Sports,postlaunch
p2,1112,1,5825,18715,25653,6311,15983,3359,74,77,52,53645,1.229133333,8499024,p,Sports,postlaunch
p2,998,0,4656,19486,25140,6364,15643,3133,75.85714286,76,53,31258,1.129266667,6561055,p,Sports,postlaunch
p2,927,4,4152,15830,20913,5294,12929,2690,75.28571429,75,54,8345,1.138433333,8199929,p,Sports,postlaunch
p2,1711,153,4508,18701,25073,6842,14291,3940,72.57142857,78,55,6986,1.378933333,6841743,p,Sports,postlaunch
p2,2089,307,3900,6766,13062,2942,6996,3124,56.42857143,41,56,6916,1.556733333,6908635,p,Sports,postlaunch
p2,1775,65,3877,5251,10968,2471,5488,3009,50.85714286,49,57,3568,1.4087,6197799,p,Sports,postlaunch
p2,1383,5,2123,3319,6830,1249,4149,1432,52.57142857,63,58,3295,1.053533333,6611070,p,Sports,postlaunch
p2,1148,5,1402,3139,5694,1000,3651,1043,55.14285714,61,59,2898,0.903566667,7134476,p,Sports,postlaunch
p2,891,2,1353,2701,4947,796,3352,797,56,56,60,2834,0.861466667,6803642,p,Sports,postlaunch
p2,623,1,1078,3011,4713,827,3228,658,61.57142857,66,61,3032,0.855466667,6252682,p,Sports,postlaunch
p3,1567,2133,12197,5014,20911,4830,11272,4809,53,61,-16,141,NA,4351828,p,Sports,prelaunch
p3,756,51,4327,2875,8009,1640,4479,1889,52.14285714,54,-15,308,NA,2503859,p,Sports,prelaunch
p3,482,219,1213,2778,4692,1340,1980,1372,61.14285714,47,-14,464,NA,2279759,p,Sports,prelaunch
p3,1312,275,6445,5908,13940,4809,5417,3714,63.71428571,53,-13,521,NA,4450712,p,Sports,prelaunch
p3,1963,748,5132,3140,10983,2104,6307,2572,53.57142857,54,-12,728,3.120133333,1040928,p,Sports,prelaunch
p3,1002,2507,4730,4116,12355,3090,6651,2614,59.85714286,30,-11,899,3.6831,1165958,p,Sports,prelaunch
p3,6704,659,127710,36566,171639,31927,114646,25066,63.14285714,61,-10,22360,13.36516667,33412931,p,Sports,prelaunch
p3,3000,101,26548,19826,49475,16658,23447,9370,73,70,-9,22295,5.885333333,8502686,p,Sports,prelaunch
p3,5275,62,173699,29080,208116,27198,147486,33432,53.28571429,56,-8,20837,NA,7910102,p,Sports,prelaunch
p3,1907,102,25945,13958,41912,9194,23982,8736,60.28571429,61,-7,20223,7.720766667,7126594,p,Sports,prelaunch
p3,4747,1185,132213,18110,156255,38992,93923,23337,69.71428571,74,-6,24827,22.1158,28044935,p,Sports,prelaunch
p3,1740,261,24945,18344,45290,10778,26762,7750,68.14285714,70,-5,25664,10.21573333,11453197,p,Sports,prelaunch
p3,1816,38,19011,18499,39364,9654,22930,6780,69.85714286,84,-4,28854,8.689433333,6236733,p,Sports,prelaunch
p3,1790,85,11348,25070,38293,11816,19532,6945,77.85714286,80,-3,38362,11.95396667,5189028,p,Sports,prelaunch
p3,2319,46,33763,18633,54761,15497,28424,10840,71.57142857,78,-2,58845,15.49273333,9966111,p,Sports,prelaunch
p3,7639,73,58962,92410,159084,39780,93061,26243,71.85714286,66,-1,205505,35.32406667,18420400,p,Sports,prelaunch
p3,11656,1021,95573,120460,228710,57919,131053,39738,70.14285714,71,0,1603496,50.02823333,29571543,p,Sports,launch
p3,12304,470,278383,117340,408497,80055,268993,59449,64.85714286,66,1,410008,24.87443333,29392545,p,Sports,postlaunch
p3,8186,2319,82396,71076,163977,37278,98657,28041,67.14285714,61,2,193681,13.38273333,23839757,p,Sports,postlaunch
p3,5437,179,30845,52522,88983,21616,52801,14562,70.28571429,71,3,160750,8.185933333,19094297,p,Sports,postlaunch
p3,4072,55,27158,49563,80848,19249,47779,13818,68.42857143,65,4,115281,6.4909,14784942,p,Sports,postlaunch
p3,3337,265,19564,43883,67049,17159,39994,9893,73.57142857,73,5,99245,5.6593,12759179,p,Sports,postlaunch
n1,1135,91,13487,3014,17727,4156,10094,3477,55.25,63,-12,2715,2.375933333,4408252,n,Sports,prelaunch
n1,254,9,617,737,1617,446,728,443,57.71428571,69,-11,2474,0.7465,793671,n,Sports,prelaunch
n1,44,20,4,183,251,55,125,71,50,61,-10,2650,0.708166667,293303,n,Sports,prelaunch
n1,106,15,840,536,1497,317,819,361,41.28571429,52,-9,3486,0.680466667,741755,n,Sports,prelaunch
n1,50,12,0,551,613,147,293,173,44.28571429,60,-8,3357,0.7243,757243,n,Sports,prelaunch
n1,616,74,4811,3332,8833,3014,4102,1717,56.42857143,51,-7,4981,1.8528,2427692,n,Sports,prelaunch
n1,235,20,2231,1742,4228,899,2576,753,61.85714286,72,-6,6963,2.027533333,2003457,n,Sports,prelaunch
n1,107,10,781,751,1649,412,976,261,70.28571429,85,-5,7173,1.2441,841101,n,Sports,prelaunch
n1,47,6,673,762,1488,460,751,277,72,66,-4,7526,1.1991,458425,n,Sports,prelaunch
n1,155,1,628,1895,2679,767,1267,645,65.42857143,57,-3,9165,1.605333333,580288,n,Sports,prelaunch
n1,242,3,1428,1441,3114,753,1635,726,58.71428571,58,-2,13440,1.860866667,548176,n,Sports,prelaunch
n1,2112,18,12353,6173,20656,4119,13679,2858,70.71428571,64,-1,30097,2.9357,2159710,n,Sports,prelaunch
n1,2296,101,69306,8577,80280,10115,64882,5283,62.14285714,67,0,348859,5.323466667,3228165,n,Sports,launch
n1,1520,32,11448,8519,21519,3913,13270,4336,54,54,1,105313,2.336833333,2588992,n,Sports,postlaunch
n1,1208,12,5528,5473,12221,2399,7356,2466,56.57142857,65,2,51713,1.280233333,1946906,n,Sports,postlaunch
n1,950,67,22404,4762,28183,2502,22967,2714,53.57142857,51,3,37222,1.184866667,2374388,n,Sports,postlaunch
n1,696,6,4676,4734,10112,1730,5843,2539,45.28571429,50,4,31621,0.951033333,1314227,n,Sports,postlaunch
n1,752,5,4111,4157,9025,1630,5687,1708,56,52,5,33422,0.775066667,1176762,n,Sports,postlaunch
n1,1129,9,5370,5086,11594,2202,6959,2433,54,61,6,29960,0.952833333,1480933,n,Sports,postlaunch
n1,560,1,3753,4381,8695,1617,5463,1615,56,53,7,27405,0.711566667,1908150,n,Sports,postlaunch
n1,586,3,4054,3643,8286,1284,5407,1595,51.85714286,56,8,19164,0.7695,1950665,n,Sports,postlaunch
n1,735,28,3773,4469,9005,1710,5511,1784,56.85714286,57,9,35616,0.807166667,1094506,n,Sports,postlaunch
n1,1082,4,3614,3367,8067,1362,5107,1598,52.14285714,53,10,185961,1.834666667,1501783,n,Sports,postlaunch
n1,551,1,2738,4282,7572,1637,4586,1349,63.57142857,64,11,62448,1.334633333,1313567,n,Sports,postlaunch
n1,635,1,8320,3741,12697,1390,9781,1526,54,47,12,37268,1.071466667,2091541,n,Sports,postlaunch
n1,409,1,4578,3801,8789,1410,6228,1151,60.71428571,55,13,63252,1.164,2172705,n,Sports,postlaunch
n1,716,1,11565,3474,15756,1740,12736,1280,59.85714286,54,14,95527,1.113466667,3385441,n,Sports,postlaunch
n1,622,0,19545,3862,24029,1800,20850,1379,57,53,15,132021,1.2528,2202838,n,Sports,postlaunch
n1,863,0,6734,5063,12660,2063,8810,1787,60.14285714,58,16,61382,0.863133333,2183721,n,Sports,postlaunch
n1,731,1,8205,5425,14362,2124,10358,1880,58.42857143,60,17,31185,0.683233333,2140668,n,Sports,postlaunch
n1,814,0,3631,5639,10084,1860,6391,1833,57.14285714,57,18,19679,0.655533333,2043124,n,Sports,postlaunch
n1,713,16,3914,4979,9622,1768,6032,1822,56.28571429,60,19,24003,0.6429,2031447,n,Sports,postlaunch
n1,519,2,3208,4799,8528,1802,5470,1256,66.14285714,63,20,26390,0.676666667,2629772,n,Sports,postlaunch
n1,560,1,2860,4172,7593,1521,4776,1296,61.85714286,60,21,11153,0.550733333,1960987,n,Sports,postlaunch
n1,807,2,2285,4381,7475,1767,4439,1269,67.57142857,67,22,23589,0.561366667,1722984,n,Sports,postlaunch
n1,769,3,3168,3999,7939,1580,4994,1365,61.42857143,61,23,19010,0.6492,1800141,n,Sports,postlaunch
n1,655,44,3318,5461,9478,2550,5354,1574,70,65,24,11655,0.591633333,1937009,n,Sports,postlaunch
n1,704,5,2049,3839,6597,1395,4097,1105,63.57142857,63,25,25244,0.562466667,2037167,n,Sports,postlaunch
n1,860,4,2152,5134,8150,1801,4828,1521,62.57142857,63,26,33712,0.519,2330834,n,Sports,postlaunch
n1,1131,2,3248,6110,10491,2440,5828,2223,61.14285714,60,27,22176,0.4725,2721633,n,Sports,postlaunch
n1,693,0,2579,5495,8767,1802,5129,1836,57.42857143,52,28,7843,0.398033333,2317771,n,Sports,postlaunch
n1,442,2,1641,4365,6450,1340,4047,1063,63.71428571,57,29,5418,0.372433333,1985336,n,Sports,postlaunch
n1,623,10,2139,4089,6861,1279,4494,1088,61.14285714,64,30,9149,0.412866667,1648345,n,Sports,postlaunch
n1,629,2,1745,4104,6480,1143,4134,1203,55.85714286,59,31,29840,0.518166667,1760489,n,Sports,postlaunch
n1,543,2,1719,3535,5799,1069,3738,992,58.57142857,69,32,26396,0.487766667,1431604,n,Sports,postlaunch
n1,786,10,1404,3494,5694,1080,3657,957,60.28571429,57,33,13064,0.4123,1391015,n,Sports,postlaunch
n1,810,2,1791,4745,7348,1585,4362,1401,61,58,34,11438,0.430866667,1560693,n,Sports,postlaunch
n1,475,5,1386,4507,6373,1336,3997,1040,64.28571429,62,35,10210,0.3903,1554455,n,Sports,postlaunch
n1,406,0,1019,4065,5490,1118,3536,836,64.85714286,60,36,8027,0.354,1609001,n,Sports,postlaunch
n1,1257,207,2435,4120,8019,1756,4814,1449,63.57142857,59,37,17085,0.611133333,1692218,n,Sports,postlaunch
n1,922,4,2215,4413,7554,1507,4670,1377,60,59,38,27177,0.791033333,1838186,n,Sports,postlaunch
n1,810,2,1836,3821,6469,1293,4074,1102,61.85714286,62,39,40593,0.7409,1665944,n,Sports,postlaunch
n1,1213,4,3175,3627,8019,1407,4693,1919,49.28571429,56,40,20028,0.600333333,1434044,n,Sports,postlaunch
n1,593,3,1575,4019,6190,1232,3889,1069,61.57142857,67,41,4067,0.3739,1864664,n,Sports,postlaunch
n1,586,0,1158,3767,5511,1078,3405,1028,58.28571429,55,42,4321,0.2991,1635292,n,Sports,postlaunch
n1,598,0,1229,3305,5132,1030,3112,990,59,57,43,3449,0.234966667,1253100,n,Sports,postlaunch
n1,584,0,1473,3332,5389,941,3515,933,57.28571429,66,44,5609,0.2255,1153260,n,Sports,postlaunch
n1,968,8,1278,3126,5380,1090,3236,1054,58,55,45,17396,0.247166667,1081551,n,Sports,postlaunch
n1,843,7,962,2058,3870,802,2266,802,58,58,46,17809,0.2305,785751,n,Sports,postlaunch
n1,368,2,907,2045,3322,679,2132,511,64.71428571,76,47,11901,0.177866667,571317,n,Sports,postlaunch
n1,457,0,774,1775,3006,613,1944,449,64.71428571,59,48,11663,0.167333333,526627,n,Sports,postlaunch
n1,424,1,803,1844,3072,613,2027,432,65,59,49,12686,0.154166667,463642,n,Sports,postlaunch
n1,510,0,932,1329,2771,525,1802,444,62.28571429,67,50,5731,0.139733333,447869,n,Sports,postlaunch
n1,1239,0,705,1073,3017,715,1717,585,64.14285714,69,51,2437,0.1583,512516,n,Sports,postlaunch
n1,1174,15,624,585,2398,641,1175,582,63.14285714,72,52,2033,0.171033333,374725,n,Sports,postlaunch
n1,722,5,385,339,1451,351,650,450,52,47,53,1224,0.129666667,467554,n,Sports,postlaunch
n1,484,1,280,317,1082,197,585,300,45.71428571,59,54,1768,0.119766667,593921,n,Sports,postlaunch
n1,388,4,257,307,956,185,611,160,60.28571429,66,55,2247,0.126566667,459285,n,Sports,postlaunch
n1,3094,1,347,317,3759,209,3312,238,50.42857143,51,56,1670,0.1294,734022,n,Sports,postlaunch
n1,744,1,219,372,1336,171,989,176,54,59,57,1554,0.120433333,697127,n,Sports,postlaunch
n1,1005,0,134,284,1423,137,1161,125,59.28571429,53,58,1247,0.105733333,717009,n,Sports,postlaunch
n1,380,3,775,259,1417,86,622,709,38.57142857,40,59,5233,0.1104,612974,n,Sports,postlaunch
n1,328,0,182,312,822,124,584,114,57.42857143,64,60,9663,0.112333333,471341,n,Sports,postlaunch
n1,378,0,150,300,828,151,566,111,64.42857143,64,61,1643,0.111866667,773441,n,Sports,postlaunch
n1,377,0,180,296,853,134,584,135,55.42857143,57,62,1610,0.1222,600688,n,Sports,postlaunch
n1,335,0,148,264,747,110,545,92,59.28571429,59,63,7657,0.173633333,900640,n,Sports,postlaunch
n1,384,1,180,232,797,166,488,143,60.57142857,58,64,-3020,0.144633333,614698,n,Sports,postlaunch
n1,187,0,121,188,496,82,344,70,59.71428571,82,65,3974,0.146533333,618730,n,Sports,postlaunch
n1,196,0,128,237,561,93,396,72,62.28571429,63,66,4225,0.1336,418094,n,Sports,postlaunch
n1,177,2,186,307,672,92,502,78,58.28571429,66,67,5710,0.1591,652568,n,Sports,postlaunch
n1,282,0,159,232,673,148,389,136,58.85714286,75,68,2566,0.130033333,527626,n,Sports,postlaunch
n1,191,0,162,190,543,113,348,82,65.42857143,62,69,2152,0.1003,383033,n,Sports,postlaunch
n1,228,0,145,279,652,152,386,114,66.85714286,55,70,2139,0.0998,331497,n,Sports,postlaunch
n1,133,0,107,281,521,127,321,73,71,74,71,2087,0.098233333,344193,n,Sports,postlaunch
n1,147,0,125,253,525,100,327,98,57,45,72,1899,0.091566667,391378,n,Sports,postlaunch
n1,151,0,90,340,581,116,343,122,55.71428571,54,73,1438,0.089466667,340872,n,Sports,postlaunch
n1,236,0,91,290,617,147,313,157,59.85714286,69,74,1678,0.089366667,350382,n,Sports,postlaunch
n1,152,1,115,294,562,122,313,127,55.71428571,40,75,1389,0.088333333,372024,n,Sports,postlaunch
n1,114,1,88,230,433,97,262,74,65.71428571,83,76,980,0.0774,321907,n,Sports,postlaunch
n1,150,0,99,307,556,137,331,88,70.14285714,78,77,1130,0.076866667,340746,n,Sports,postlaunch
n1,129,0,248,363,740,179,458,103,72.85714286,63,78,1579,0.081666667,399867,n,Sports,postlaunch
n1,190,0,329,732,1251,332,710,209,70.71428571,75,79,2460,0.141766667,427227,n,Sports,postlaunch
n1,135,0,259,563,957,252,552,153,71.42857143,41,80,1911,0.1375,342415,n,Sports,postlaunch
n1,170,0,207,831,1208,338,667,203,75.42857143,84,81,1318,0.117066667,280189,n,Sports,postlaunch
n1,103,0,164,1800,2067,663,1083,321,82.28571429,89,82,898,0.093733333,248560,n,Sports,postlaunch
n1,105,0,172,1097,1374,400,726,248,73.42857143,86,83,881,0.099366667,224824,n,Sports,postlaunch
n1,229,0,156,1054,1439,373,728,338,63.14285714,50,84,769,0.0794,181518,n,Sports,postlaunch
n1,172,0,94,481,747,239,379,129,76,69,85,761,0.076033333,236710,n,Sports,postlaunch
n1,92,0,206,743,1041,246,550,245,59.14285714,41,86,692,0.062,149701,n,Sports,postlaunch
n1,52,0,366,315,733,113,482,138,52.71428571,53,87,646,0.0577,138973,n,Sports,postlaunch
n1,114,0,236,144,494,62,358,74,51.57142857,47,88,549,0.0536,137443,n,Sports,postlaunch
n1,74,0,302,128,504,57,414,33,62,72,89,603,0.0474,185273,n,Sports,postlaunch
n1,85,0,322,135,542,55,458,29,61.14285714,61,90,431,0.041933333,117304,n,Sports,postlaunch
n1,75,0,284,118,477,61,386,30,63,56,91,416,0.044433333,94551,n,Sports,postlaunch
n1,180,0,176,118,474,72,283,119,47.42857143,47,92,591,0.045166667,85966,n,Sports,postlaunch
n1,99,0,219,125,443,59,328,56,55.28571429,45,93,480,0.042266667,120438,n,Sports,postlaunch
n1,107,1,266,92,466,83,348,35,68.28571429,66,94,1064,NA,156469,n,Sports,postlaunch
n1,87,0,170,66,323,45,243,35,57,46,95,689,0.040766667,184189,n,Sports,postlaunch
n1,53,0,292,81,426,36,368,21,58,59,96,792,0.042333333,217781,n,Sports,postlaunch
n1,87,1,295,97,480,63,353,64,56.71428571,55,97,731,0.0447,162298,n,Sports,postlaunch
n1,32,1,62,98,193,38,124,31,62.57142857,75,98,993,0.045266667,238188,n,Sports,postlaunch
n1,34,0,125,141,300,76,199,25,70.42857143,56,99,1146,0.054866667,254756,n,Sports,postlaunch
n1,33,0,81,168,282,52,205,25,65.42857143,62,100,1000,0.054233333,94648,n,Sports,postlaunch
n1,49,1,57,150,257,41,181,35,63,72,101,926,0.056933333,102997,n,Sports,postlaunch
n1,54,0,76,171,301,54,205,42,62,45,102,911,0.071666667,125363,n,Sports,postlaunch
n1,66,0,73,150,289,59,189,41,65.28571429,79,103,774,0.048866667,142800,n,Sports,postlaunch
n1,208,0,55,159,422,83,200,139,54.71428571,45,104,814,0.044433333,133304,n,Sports,postlaunch
n1,50,0,56,102,208,40,136,32,60.85714286,45,105,702,0.036666667,179998,n,Sports,postlaunch
n1,47,0,40,85,172,24,123,25,54.28571429,46,106,630,0.0356,122721,n,Sports,postlaunch
n1,15,0,42,130,187,25,148,14,63,64,107,654,0.0358,128328,n,Sports,postlaunch
n2,3092,96,22576,2469,28233,5570,16804,5859,52.42857143,45,-12,4521,2.3064,4018984,n,Sports,prelaunch
n2,1210,1,3584,992,5787,1622,2689,1476,52.42857143,73,-11,3823,0.6945,1205942,n,Sports,prelaunch
n2,578,3,522,591,1694,411,648,635,39.28571429,55,-10,3190,0.581166667,347569,n,Sports,prelaunch
n2,846,1,2103,414,3364,584,1538,1242,32.57142857,22,-9,3560,0.564466667,184438,n,Sports,prelaunch
n2,2067,20,5656,1247,8990,2052,4202,2736,43.14285714,54,-8,6164,0.909833333,1606058,n,Sports,prelaunch
n2,2741,34,7925,2193,12893,2549,6786,3558,48.42857143,54,-7,4654,1.7098,2387738,n,Sports,prelaunch
n2,2055,14,3894,2337,8300,1661,4192,2447,47.57142857,51,-6,5360,1.5524,1672209,n,Sports,prelaunch
n2,1088,9,2842,252,4191,1005,2344,842,52.71428571,52,-5,4426,0.907633333,637824,n,Sports,prelaunch
n2,2233,20,2987,697,5937,1185,3090,1662,47.57142857,59,-4,5642,0.984633333,452983,n,Sports,prelaunch
n2,806,9,3008,275,4098,767,2534,797,57.14285714,63,-3,7272,1.2721,333636,n,Sports,prelaunch
n2,2076,6,11438,317,13837,2119,8878,2840,48.71428571,39,-2,11650,1.559266667,385986,n,Sports,prelaunch
n2,4271,29,32774,2223,39297,5957,27774,5566,59.71428571,59,-1,32334,3.180233333,1908126,n,Sports,prelaunch
n2,4978,232,93573,3843,102626,12941,82748,6937,59.42857143,54,0,299723,5.066066667,4944506,n,Sports,launch
n2,2831,58,7602,3538,14029,2628,8331,3070,52.28571429,50,1,105128,2.039633333,3084930,n,Sports,postlaunch
n2,1949,16,4939,2755,9659,1799,5616,2244,50,55,2,49437,1.334133333,1946912,n,Sports,postlaunch
n2,2104,26,7267,2076,11473,1834,7208,2431,49,46,3,38198,1.265166667,2596366,n,Sports,postlaunch
n2,1954,6,5397,1764,9121,1453,5568,2100,46.42857143,52,4,36113,1.010366667,2330577,n,Sports,postlaunch
n2,1634,6,8587,1841,12068,1098,9437,1533,46.71428571,49,5,40810,0.961133333,1751728,n,Sports,postlaunch
n2,1286,5,3463,1560,6314,908,4177,1229,48.85714286,43,6,25654,0.8312,1453531,n,Sports,postlaunch
n2,1182,7,2640,1699,5528,917,3573,1038,52.85714286,43,7,19019,0.6959,1521237,n,Sports,postlaunch
n2,1072,5,4461,1614,7152,1343,4605,1204,53.42857143,53,8,23636,0.781666667,2316813,n,Sports,postlaunch
n2,982,5,17337,1520,19844,1665,16916,1263,54.71428571,48,9,21694,0.789033333,1534406,n,Sports,postlaunch
n2,1166,6,4197,1530,6899,917,4998,984,53.85714286,56,10,36707,0.945466667,2603866,n,Sports,postlaunch
n2,1207,5,4994,1598,7804,1432,5350,1022,60.57142857,61,11,187663,1.9354,2096711,n,Sports,postlaunch
n2,2109,88,6962,2101,11260,2247,7153,1860,59.57142857,69,12,76614,1.494633333,2579538,n,Sports,postlaunch
n2,1198,30,12080,1799,15107,3161,10664,1282,68.42857143,76,13,45824,1.291466667,2112168,n,Sports,postlaunch
n2,1011,2,3625,1408,6046,1003,4133,910,59.28571429,60,14,76285,1.228633333,2007058,n,Sports,postlaunch
n2,889,1,2874,1645,5409,880,3742,787,58.85714286,62,15,120647,1.343333333,2292259,n,Sports,postlaunch
n2,1334,0,4137,3095,8566,1819,5354,1393,62.85714286,60,16,59000,0.932133333,1964283,n,Sports,postlaunch
n2,1229,10,4147,4604,9990,2259,6316,1415,69.57142857,72,17,22762,0.7016,2912938,n,Sports,postlaunch
n2,1244,1,3537,4119,8901,1710,5705,1486,60.57142857,58,18,13017,0.6713,2262550,n,Sports,postlaunch
n2,900,7,3600,4672,9179,2076,5703,1400,67.42857143,72,19,21528,0.6635,2524359,n,Sports,postlaunch
n2,1516,7,3168,3689,8380,1585,5360,1435,60,66,20,23625,0.659866667,2127749,n,Sports,postlaunch
n2,1245,1,2235,4533,8014,1675,4952,1387,61.71428571,60,21,14948,0.602933333,2316454,n,Sports,postlaunch
n2,1441,0,2523,3290,7254,1434,4581,1239,61,62,22,14225,0.650433333,2333552,n,Sports,postlaunch
n2,1184,1,2519,5037,8741,1695,5602,1444,61.57142857,68,23,31806,0.678933333,2445521,n,Sports,postlaunch
n2,1320,0,3019,6703,11042,2605,6810,1626,70.85714286,64,24,37202,0.6448,2461679,n,Sports,postlaunch
n2,1304,2,3386,5631,10323,2150,6622,1550,66,71,25,22457,0.616033333,2380158,n,Sports,postlaunch
n2,1984,10,4352,4582,10928,2267,6997,1664,65.85714286,67,26,17601,0.766,1963471,n,Sports,postlaunch
n2,2103,4,7564,4985,14656,2888,9804,1964,65.42857143,65,27,58686,1.1716,3106511,n,Sports,postlaunch
n2,1427,7,6913,9239,17586,3834,11206,2546,66.85714286,63,28,66321,1.0989,3633369,n,Sports,postlaunch
n2,1609,42,8851,6164,16666,3250,11099,2317,62.57142857,60,29,67767,1.090833333,5407557,n,Sports,postlaunch
n2,1729,18,10494,6534,18775,3050,13832,1893,65.28571429,58,30,64109,0.795733333,2594571,n,Sports,postlaunch
n2,2011,7,10970,8952,21940,5465,13352,3123,70,71,31,47077,0.847566667,2790654,n,Sports,postlaunch
n2,1871,11,8264,7364,17510,4900,10502,2108,74,85,32,31553,0.700766667,3535759,n,Sports,postlaunch
n2,1564,3,8678,7569,17814,3725,12180,1909,71.71428571,71,33,20249,0.6428,3354915,n,Sports,postlaunch
n2,1307,1,4393,6402,12103,2665,7945,1492,70.42857143,64,34,19106,0.5245,2326849,n,Sports,postlaunch
n2,1518,1,4442,5013,10974,2065,7404,1505,63.71428571,66,35,20331,0.4969,1912694,n,Sports,postlaunch
n2,1096,0,3659,5994,10749,2206,7150,1393,67.14285714,67,36,21115,0.4473,2118023,n,Sports,postlaunch
n2,1097,1,3494,4730,9322,2027,6183,1112,70.85714286,66,37,15575,0.404633333,1705894,n,Sports,postlaunch
n2,1519,674,3536,6938,12667,3063,7591,2013,70.71428571,68,38,20446,0.349566667,1619908,n,Sports,postlaunch
n2,1491,84,3077,5119,9771,1955,6522,1294,66.85714286,67,39,23015,0.3573,1208296,n,Sports,postlaunch
n2,1083,2,3703,5013,9801,1932,6647,1222,66.71428571,67,40,15883,0.330333333,2378696,n,Sports,postlaunch
n2,992,0,3006,4715,8713,1450,6318,945,64.57142857,62,41,13027,0.2869,2420240,n,Sports,postlaunch
n2,876,2,3219,3727,7824,1296,5725,803,65.28571429,62,42,12910,NA,2278774,n,Sports,postlaunch
n2,639,1,4070,3995,8705,1115,6850,740,61.57142857,67,43,8684,0.269366667,3447056,n,Sports,postlaunch
n2,758,0,3577,3944,8279,1283,6194,800,64,58,44,5036,0.266733333,1608452,n,Sports,postlaunch
n2,1099,23,5627,4456,11205,1843,7890,1472,61.57142857,64,45,25559,0.331666667,1017343,n,Sports,postlaunch
n2,913,2,3474,3359,7748,1361,5483,904,64.71428571,68,46,26172,0.3329,1011969,n,Sports,postlaunch
n2,6741,14,3814,2983,13552,1410,11119,1023,61.71428571,66,47,18800,0.3925,927725,n,Sports,postlaunch
n2,930,0,2159,3956,7045,1393,4817,835,68.28571429,71,48,13391,0.404566667,1103529,n,Sports,postlaunch
n2,2934,1,1910,3705,8550,1528,6186,836,65,58,49,13593,0.386633333,1034482,n,Sports,postlaunch
n2,863,1,1890,3309,6063,1030,4267,766,62.57142857,63,50,7272,0.3853,1266894,n,Sports,postlaunch
n2,874,1,1986,3414,6275,1125,4149,1001,60,60,51,5008,0.304033333,798769,n,Sports,postlaunch
n2,619,1,1486,3721,5827,1024,4160,643,65.57142857,72,52,3741,0.252833333,673731,n,Sports,postlaunch
n2,619,1,1468,3330,5418,1042,3764,611,67.71428571,72,53,2737,0.214433333,776680,n,Sports,postlaunch
n2,874,1,1409,2954,5238,874,3797,567,64.57142857,62,54,2142,0.192266667,768684,n,Sports,postlaunch
n2,791,1,1719,3283,5794,1121,4171,502,71.85714286,73,55,2186,0.199766667,616391,n,Sports,postlaunch
n3,104,0,72,8,184,40,96,48,50.5,46,-15,54,NA,17919,n,Sports,prelaunch
n3,214,1,195,17,427,125,209,93,63.71428571,30,-14,59,0.269366667,114260,n,Sports,prelaunch
n3,228,0,153,19,400,75,199,126,41.42857143,67,-13,57,0.266733333,52279,n,Sports,prelaunch
n3,576,87,2135,252,3050,509,1790,751,44.85714286,36,-12,1876,0.331666667,76120,n,Sports,prelaunch
n3,513,2,795,110,1420,299,885,236,63.14285714,58,-11,1679,0.3329,36831,n,Sports,prelaunch
n3,421,0,353,71,845,194,457,194,58,52,-10,2094,0.3925,26852,n,Sports,prelaunch
n3,474,5,750,72,1301,291,731,279,56.57142857,55,-9,2228,0.404566667,28675,n,Sports,prelaunch
n3,818,26,4008,412,5264,1002,3171,1091,56.57142857,63,-8,2312,0.386633333,378670,n,Sports,prelaunch
n3,3821,73,18212,4086,26192,7504,14027,4661,65.42857143,70,-7,8313,0.3853,5555859,n,Sports,prelaunch
n3,2829,12,6455,1559,10855,2527,5201,3127,49.42857143,32,-6,6459,0.304033333,952473,n,Sports,prelaunch
n3,941,2,840,497,2280,539,1093,648,51.42857143,62,-5,5257,0.252833333,426732,n,Sports,prelaunch
n3,1438,18,3316,2234,7006,1789,3508,1708,60.57142857,49,-4,5486,0.214433333,1804908,n,Sports,prelaunch
n3,1073,9,2287,1112,4481,1145,2314,1022,64.14285714,63,-3,6363,0.192266667,1156557,n,Sports,prelaunch
n3,2496,139,9113,3101,14849,4255,8391,2203,71.57142857,84,-2,15172,0.199766667,2713514,n,Sports,prelaunch
oj,26855,3496,137486,42473,210310,49538,101318,59454,54.85714286,79,-31,8757,12.9523,16601602,js,Action,prelaunch
oj,10466,2531,30177,52214,95388,24946,37050,33392,42.57142857,59,-30,31515,7.403366667,26852172,js,Action,prelaunch
oj,1404,197,2935,7589,12125,2907,4325,4893,37.14285714,31,-29,14815,1.905966667,2514967,js,Action,prelaunch
oj,978,115,5909,2314,9316,2449,4933,1934,59.85714286,32,-28,11906,1.579433333,1241706,js,Action,prelaunch
oj,1682,326,4302,2321,8631,1855,4385,2391,47.28571429,50,-27,9077,1.492,1193345,js,Action,prelaunch
oj,617,40,1418,1614,3689,988,1610,1091,59.28571429,55,-26,7595,1.364133333,985194,js,Action,prelaunch
oj,642,149,1698,716,3205,757,1810,638,65,73,-25,6040,1.254766667,776509,js,Action,prelaunch
oj,763,226,1797,1513,4299,1094,2221,984,63.42857143,67,-24,9775,1.6025,820351,js,Action,prelaunch
oj,17327,2130,69129,42033,130619,39676,59722,31221,64.28571429,71,-23,13877,6.195,11904612,js,Action,prelaunch
oj,11150,1469,41310,45832,99761,29050,43951,26760,60.85714286,60,-22,27116,6.496066667,32785892,js,Action,prelaunch
oj,4450,726,11212,6114,22502,6863,8894,6745,58.28571429,27,-21,12922,1.954266667,6690431,js,Action,prelaunch
oj,3368,799,7009,14168,25344,6777,9901,8666,54.28571429,45,-20,11850,2.262033333,8560409,js,Action,prelaunch
oj,928,239,1739,4073,6979,2070,2528,2381,55.85714286,49,-19,11536,1.7064,4137672,js,Action,prelaunch
oj,1991,507,1902,2232,6632,1490,2419,2723,36,30,-18,9877,1.594866667,2367416,js,Action,prelaunch
oj,823,40,697,1182,2742,841,1149,752,64.28571429,68,-17,10616,1.4563,1737175,js,Action,prelaunch
oj,1109,85,1103,1111,3408,965,1403,1040,57.85714286,64,-16,8977,1.1099,1070848,js,Action,prelaunch
oj,570,77,857,659,2163,571,1043,549,61.42857143,57,-15,9042,1.3747,773120,js,Action,prelaunch
oj,580,9,2097,632,3318,764,2022,532,69.85714286,80,-14,8555,1.3687,541230,js,Action,prelaunch
oj,543,20,921,749,2233,610,1067,556,64.14285714,60,-13,10391,1.4761,525472,js,Action,prelaunch
oj,794,20,892,1031,2737,856,1145,736,67.28571429,81,-12,11443,1.704733333,541328,js,Action,prelaunch
oj,1220,17,2212,1175,4624,1288,2367,969,68.85714286,88,-11,10746,1.906466667,612482,js,Action,prelaunch
oj,980,52,1554,1282,3868,1221,1782,865,72.57142857,63,-10,11591,2.087266667,706966,js,Action,prelaunch
oj,1032,57,2479,1184,4752,1170,2674,908,66.28571429,50,-9,12148,2.051666667,742627,js,Action,prelaunch
oj,1430,15,920,885,3250,892,1308,1050,56.14285714,51,-8,10497,1.927533333,786029,js,Action,prelaunch
oj,5567,1048,23541,15244,45400,11159,24850,9391,63.42857143,65,-7,16244,3.752133333,8809191,js,Action,prelaunch
oj,2302,165,6050,3623,12140,3372,6136,2632,68.57142857,70,-6,21988,3.6871,4280210,js,Action,prelaunch
oj,2364,648,8570,2851,14433,4361,6285,3787,66.57142857,73,-5,23175,3.6494,4032508,js,Action,prelaunch
oj,7696,1491,19516,12834,41537,13970,17383,10184,68.71428571,66,-4,32895,5.0128,6742383,js,Action,prelaunch
oj,5903,428,10739,17710,34780,11967,12282,10531,68.57142857,67,-3,50315,5.917733333,9055485,js,Action,prelaunch
oj,7849,1492,24952,11299,45592,11340,25227,9025,65.57142857,66,-2,96317,8.5161,12848562,js,Action,prelaunch
oj,10650,276,20115,13237,44278,13166,20564,10548,69.42857143,64,-1,146283,12.03576667,13402503,js,Action,prelaunch
oj,78293,7312,192539,110366,388510,102973,204931,80606,62.28571429,70,0,2398923,57.7218,60958367,js,Action,launch
oj,96044,5071,127424,152897,381436,113184,168885,99367,65.85714286,67,1,851202,40.76093333,123659230,js,Action,postlaunch
oj,50957,1843,77858,96644,227302,64156,106722,56424,65.85714286,65,2,656442,30.3513,75832033,js,Action,postlaunch
oj,30826,1302,52132,66015,150275,46090,70731,33454,71.42857143,72,3,485388,19.91493333,50353108,js,Action,postlaunch
oj,23091,1142,35677,39650,99560,29081,50995,19484,73.42857143,76,4,508070,15.55203333,33981343,js,Action,postlaunch
oj,19105,1320,34448,31794,86667,24262,46465,15940,73,71,5,864403,17.6745,27950324,js,Action,postlaunch
oj,20951,994,35077,33647,90669,26634,45592,18443,72.85714286,73,6,978589,21.2026,33880311,js,Action,postlaunch
oj,25792,1147,28506,36077,91522,27509,43523,20490,71.28571429,73,7,461086,13.91913333,32045233,js,Action,postlaunch
oj,21000,1468,20707,26506,69681,20168,33803,15710,69.28571429,68,8,152866,8.100266667,24709557,js,Action,postlaunch
oj,16285,1142,17899,19591,54917,15148,26879,12890,66.14285714,60,9,84901,7.208166667,18933046,js,Action,postlaunch
oj,12079,1028,14337,17234,44678,13154,21987,9537,72,73,10,97347,5.088733333,14698284,js,Action,postlaunch
oj,12038,1485,16204,15690,45417,14726,20792,9899,74.42857143,81,11,75647,4.0356,11840245,js,Action,postlaunch
oj,8698,437,10303,13403,32841,10495,15892,6454,76.85714286,79,12,57616,3.5576,11048614,js,Action,postlaunch
oj,6099,639,8757,11093,26588,9019,12879,4690,80.71428571,81,13,52402,3.206833333,9879047,js,Action,postlaunch
oj,8628,622,12288,16116,37654,11407,17305,8942,69.85714286,73,14,78330,3.095,9543818,js,Action,postlaunch
oj,6834,281,6485,13250,26850,9077,12813,4960,80.71428571,80,15,77119,2.8577,8087754,js,Action,postlaunch
oj,5286,76,7528,11716,24606,8298,12534,3774,83.28571429,84,16,47630,2.395033333,7388980,js,Action,postlaunch
oj,4593,43,4896,11047,20579,6640,11043,2896,82.85714286,80,17,32464,2.559766667,7588211,js,Action,postlaunch
oj,6008,110,5032,11576,22726,7752,11557,3417,83.57142857,82,18,115662,3.4623,6934699,js,Action,postlaunch
oj,5292,170,6139,10048,21649,7430,10794,3425,83.42857143,81,19,73106,3.642866667,8276432,js,Action,postlaunch
oj,5997,74,10903,9405,26379,7929,14761,3732,80.71428571,82,20,154231,4.083466667,8083478,js,Action,postlaunch
oj,6119,19,10406,8454,24998,8746,12716,3536,84.28571429,81,21,136596,3.644233333,7804680,js,Action,postlaunch
oj,9868,44,14725,9464,34101,11705,17935,4461,84.57142857,86,22,86523,3.421466667,6767694,js,Action,postlaunch
oj,5527,26,6058,7658,19269,6292,9749,3228,80.57142857,78,23,41112,2.631466667,6508488,js,Action,postlaunch
oj,6861,238,10930,11867,29896,8332,16680,4884,75.85714286,74,24,106323,3.2055,7128720,js,Action,postlaunch
oj,19885,1230,42007,35670,98792,32116,50897,15778,76.14285714,76,25,177141,5.9744,18452955,js,Action,postlaunch
oj,12711,215,14933,15215,43074,15879,19675,7520,81,97,26,79869,3.644733333,15733978,js,Action,postlaunch
oj,7740,349,8906,13306,30301,9019,15983,5299,76.57142857,75,27,73559,2.7587,13342379,js,Action,postlaunch
oj,6075,85,6207,10067,22434,7262,11301,3871,79.28571429,77,28,53769,2.215466667,10506853,js,Action,postlaunch
oj,6913,26,4158,11373,22470,7148,11458,3864,79.85714286,82,29,86991,2.178466667,10754013,js,Action,postlaunch
oj,7341,73,5175,9898,22487,7237,11435,3815,80.42857143,83,30,137301,2.4112,7868808,js,Action,postlaunch
oj,6402,119,5785,14419,26725,8949,12250,5526,78.42857143,77,31,92090,2.294733333,7705679,js,Action,postlaunch
oj,5347,149,5316,7324,18136,5153,9866,3117,75.14285714,79,32,73758,1.765133333,5734325,js,Action,postlaunch
oj,6137,41,4871,5692,16741,4852,8937,2952,74.71428571,85,33,66964,NA,6037719,js,Action,postlaunch
oj,5218,28,4483,5578,15307,4632,7941,2734,76.71428571,75,34,67187,1.639233333,5495586,js,Action,postlaunch
oj,4439,41,3719,5090,13289,4054,6877,2357,77.57142857,74,35,34243,1.491633333,5247103,js,Action,postlaunch
oj,4239,33,3905,6179,14356,4258,7812,2286,78.42857143,78,36,54201,1.5291,5226917,js,Action,postlaunch
oj,4469,63,5790,5288,15610,5167,7899,2544,80.71428571,82,37,53806,1.510833333,4991709,js,Action,postlaunch
oj,3273,158,3633,5720,12784,3699,6934,2151,76.14285714,78,38,35361,1.363633333,5021602,js,Action,postlaunch
oj,3345,502,3404,4938,12189,3777,6393,2019,78.85714286,78,39,22074,1.239366667,4401401,js,Action,postlaunch
oj,3877,94,4195,5815,13981,4458,7424,2099,81,73,40,54718,1.228433333,3879753,js,Action,postlaunch
oj,3864,58,3147,4442,11511,3495,6233,1783,79.42857143,83,41,34155,1.203166667,3466701,js,Action,postlaunch
oj,2906,15,2566,4744,10231,3261,5396,1574,81.14285714,84,42,18384,1.0893,3046142,js,Action,postlaunch
oj,4398,29,2785,4032,11244,3353,5894,1997,76.71428571,77,43,12779,1.055266667,2978522,js,Action,postlaunch
oj,3500,46,3710,4875,12131,3596,6591,1938,77.57142857,79,44,23721,1.112833333,2812283,js,Action,postlaunch
oj,3538,27,2981,4607,11153,3196,6095,1857,75.85714286,78,45,17594,1.101433333,3069864,js,Action,postlaunch
oj,3957,78,4456,4430,12921,3920,6910,2091,78,77,46,25937,1.267433333,3370516,js,Action,postlaunch
os,23442,4950,93772,48718,170882,47387,96031,27464,71.57142857,76,-15,30528,NA,31730643,js,Shooter,prelaunch
os,2743,897,6115,7667,17422,5495,8284,3643,75.85714286,72,-14,14569,3.135,8537612,js,Shooter,prelaunch
os,3021,361,3220,2587,9189,2790,4619,1780,75.57142857,71,-13,9886,NA,1222969,js,Shooter,prelaunch
os,2537,114,1403,2079,6133,1957,2699,1477,69.85714286,73,-12,7596,1.317,651122,js,Shooter,prelaunch
os,2301,223,4321,2239,9084,2594,4859,1624,72.14285714,94,-11,6841,1.3046,606590,js,Shooter,prelaunch
os,4045,558,4221,11331,20155,7253,8232,4670,74.28571429,83,-10,7438,2.2116,2582462,js,Shooter,prelaunch
os,2476,247,2597,7251,12571,4032,5532,3007,71.42857143,67,-9,7597,1.768966667,1562948,js,Shooter,prelaunch
os,2110,55,1533,4384,8082,2783,3433,1866,75.71428571,76,-8,7165,1.478033333,879046,js,Shooter,prelaunch
os,1913,443,1937,3478,7771,2505,3482,1784,74,74,-7,6419,1.515633333,632763,js,Shooter,prelaunch
os,1491,149,1027,2107,4774,1557,2093,1124,72.42857143,68,-6,8915,1.611633333,550556,js,Shooter,prelaunch
os,3157,304,9084,6590,19135,5656,10710,2769,77,81,-5,10370,2.527333333,2611536,js,Shooter,prelaunch
os,2604,127,2039,3299,8069,2422,4044,1603,73.28571429,64,-4,14019,2.192233333,1449753,js,Shooter,prelaunch
os,3052,92,3530,3030,9704,3307,4763,1632,79.71428571,82,-3,15979,2.268266667,656475,js,Shooter,prelaunch
os,8491,961,19930,20165,49547,16388,25103,8043,80.28571429,86,-2,42584,5.872433333,11033661,js,Shooter,prelaunch
os,10178,108,5520,5679,21485,6787,10164,4529,75.14285714,74,-1,59545,5.397966667,3221438,js,Shooter,prelaunch
os,85060,2278,68910,49462,205710,60420,93281,51969,69,59,0,1099666,34.52756667,21313556,js,Shooter,launch
